"id","name","type","email","phone","address","postal_code","status","is_active","metadata"
"ed5e3486-223a-4695-a70d-afd83af5f965","#1 DESIGN STUDIO PTE. LTD.","supplier","contact@#1designstudiopteltd.com.sg","84885022","1085, EUNOS AVENUE 7A, ##03-10, EUNOS INDUSTRIAL ESTATE","409535","pending","false","{""registrationNumber"": """", ""contactPerson"": """", ""website"": """", ""taxId"": """", ""businessLicense"": """", ""description"": ""BCA Registered Contractor - CR06 (Grade: L1)"", ""city"": ""Singapore"", ""state"": """", ""country"": ""Singapore"", ""workhead"": ""CR06"", ""grade"": ""L1"", ""source"": ""BCA Registered Contractors""}"
"da891845-de56-4db9-8935-8db42a660fb2","#1 DESIGN STUDIO PTE. LTD.","supplier","contact@#1designstudiopteltd.com.sg","84885022","1085, EUNOS AVENUE 7A, ##03-10, EUNOS INDUSTRIAL ESTATE","409535","pending","false","{""registrationNumber"": """", ""contactPerson"": """", ""website"": """", ""taxId"": """", ""businessLicense"": """", ""description"": ""BCA Registered Contractor - FM02 (Grade: L1)"", ""city"": ""Singapore"", ""state"": """", ""country"": ""Singapore"", ""workhead"": ""FM02"", ""grade"": ""L1"", ""source"": ""BCA Registered Contractors""}"
"517d9f55-f33b-41ce-a6e2-caddac4053e0","'A' BUILDERS AND ENGINEERING PTE. LTD.","supplier","contact@'a'buildersandengineeringpteltd.com.sg","91190252","13, KAKI BUKIT INDUSTRIAL TERRACE, #na, na","416096","pending","false","{""registrationNumber"": """", ""contactPerson"": """", ""website"": """", ""taxId"": """", ""businessLicense"": """", ""description"": ""BCA Registered Contractor - CR06 (Grade: L1)"", ""city"": ""Singapore"", ""state"": """", ""country"": ""Singapore"", ""workhead"": ""CR06"", ""grade"": ""L1"", ""source"": ""BCA Registered Contractors""}"
"fbad3399-650b-424f-8fb9-029b916c62d2","@BSOLUTE AIRCON PTE. LTD.","supplier","contact@@bsoluteairconpteltd.com.sg","68448444","61, KAKI BUKIT AVENUE 1, ##03-05, SHUN LI INDUSTRIAL PARK","417943","pending","false","{""registrationNumber"": """", ""contactPerson"": """", ""website"": """", ""taxId"": """", ""businessLicense"": """", ""description"": ""BCA Registered Contractor - ME01 (Grade: L1)"", ""city"": ""Singapore"", ""state"": """", ""country"": ""Singapore"", ""workhead"": ""ME01"", ""grade"": ""L1"", ""source"": ""BCA Registered Contractors""}"
"cdc688ec-309c-4f2c-ae0c-423c9e6d7555","@KLEANSG SERVICES PTE LTD","supplier","contact@@kleansgservicespteltd.com.sg","80326100","11, PENAGA PLACE, ##01-11, na","757346","pending","false","{""registrationNumber"": """", ""contactPerson"": """", ""website"": """", ""taxId"": """", ""businessLicense"": """", ""description"": ""BCA Registered Contractor - FM04 (Grade: L1)"", ""city"": ""Singapore"", ""state"": """", ""country"": ""Singapore"", ""workhead"": ""FM04"", ""grade"": ""L1"", ""source"": ""BCA Registered Contractors""}"
"109b50f1-ca29-4eb4-8f55-01b94e48bad5","1 CHUAN PTE. LTD.","supplier","contact@1chuanpteltd.com.sg","67586512","1, YISHUN STREET 23, ##06-06, YS-ONE","768441","pending","false","{""registrationNumber"": """", ""contactPerson"": """", ""website"": """", ""taxId"": """", ""businessLicense"": """", ""description"": ""BCA Registered Contractor - CR01 (Grade: Single Grade)"", ""city"": ""Singapore"", ""state"": """", ""country"": ""Singapore"", ""workhead"": ""CR01"", ""grade"": ""Single Grade"", ""source"": ""BCA Registered Contractors""}"
"c6c3198e-7565-4184-9872-88f96bf4cd8d","1 CHUAN PTE. LTD.","supplier","contact@1chuanpteltd.com.sg","67586512","1, YISHUN STREET 23, ##06-06, YS-ONE","768441","pending","false","{""registrationNumber"": """", ""contactPerson"": """", ""website"": """", ""taxId"": """", ""businessLicense"": """", ""description"": ""BCA Registered Contractor - CR18 (Grade: Single Grade)"", ""city"": ""Singapore"", ""state"": """", ""country"": ""Singapore"", ""workhead"": ""CR18"", ""grade"": ""Single Grade"", ""source"": ""BCA Registered Contractors""}"
"3cb5b050-ae6a-4030-9d6d-619b9e86275c","1 PLUS PRIVATE LIMITED","supplier","contact@1plusprivatelimited.com.sg","62218626","9, TAI SENG LINK, ##08-00, na","534053","pending","false","{""registrationNumber"": """", ""contactPerson"": """", ""website"": """", ""taxId"": """", ""businessLicense"": """", ""description"": ""BCA Registered Contractor - FM02 (Grade: L3)"", ""city"": ""Singapore"", ""state"": """", ""country"": ""Singapore"", ""workhead"": ""FM02"", ""grade"": ""L3"", ""source"": ""BCA Registered Contractors""}"
"095c209e-7474-43f7-98c1-4c6b3dd9f1b2","1 PR PTE LTD","supplier","contact@1prpteltd.com.sg","84984118","5, 5 ANG MO KIO INDUSTRIAL PARK 2A, ##04-27, na","567760","pending","false","{""registrationNumber"": """", ""contactPerson"": """", ""website"": """", ""taxId"": """", ""businessLicense"": """", ""description"": ""BCA Registered Contractor - CR06 (Grade: L1)"", ""city"": ""Singapore"", ""state"": """", ""country"": ""Singapore"", ""workhead"": ""CR06"", ""grade"": ""L1"", ""source"": ""BCA Registered Contractors""}"
"c2268b66-4945-4f7c-9f70-7d48ff970488","1-SOLUTIONING PTE LTD","supplier","contact@1-solutioningpteltd.com.sg","62350939","3, ANG MO KIO STREET 62, ##03-23/24, LINK@AMK","569139","pending","false","{""registrationNumber"": """", ""contactPerson"": """", ""website"": """", ""taxId"": """", ""businessLicense"": """", ""description"": ""BCA Registered Contractor - ME01 (Grade: L2)"", ""city"": ""Singapore"", ""state"": """", ""country"": ""Singapore"", ""workhead"": ""ME01"", ""grade"": ""L2"", ""source"": ""BCA Registered Contractors""}"
"c1b65add-f607-4dec-a444-08ec4c1e1850","1-SOLUTIONING PTE LTD","supplier","contact@1-solutioningpteltd.com.sg","62350939","3, ANG MO KIO STREET 62, ##03-23/24, LINK@AMK","569139","pending","false","{""registrationNumber"": """", ""contactPerson"": """", ""website"": """", ""taxId"": """", ""businessLicense"": """", ""description"": ""BCA Registered Contractor - ME05 (Grade: L1)"", ""city"": ""Singapore"", ""state"": """", ""country"": ""Singapore"", ""workhead"": ""ME05"", ""grade"": ""L1"", ""source"": ""BCA Registered Contractors""}"
"46d49890-a88d-43d2-a233-813eb09a81f4","100 INFRASTRUCTURE PTE LTD","supplier","contact@100infrastructurepteltd.com.sg","65098269","33, UBI AVENUE 3, ##07-61, VERTEX","408868","pending","false","{""registrationNumber"": """", ""contactPerson"": """", ""website"": """", ""taxId"": """", ""businessLicense"": """", ""description"": ""BCA Registered Contractor - CR14 (Grade: L1)"", ""city"": ""Singapore"", ""state"": """", ""country"": ""Singapore"", ""workhead"": ""CR14"", ""grade"": ""L1"", ""source"": ""BCA Registered Contractors""}"
"8cac1d9d-6ff1-4030-a06d-00a0f127e777","101 CONSTRUCTION PTE. LTD.","supplier","contact@101constructionpteltd.com.sg","97253966","292A, COMPASSVALE STREET, ##04-228, na","541292","pending","false","{""registrationNumber"": """", ""contactPerson"": """", ""website"": """", ""taxId"": """", ""businessLicense"": """", ""description"": ""BCA Registered Contractor - TR09 (Grade: Single Grade)"", ""city"": ""Singapore"", ""state"": """", ""country"": ""Singapore"", ""workhead"": ""TR09"", ""grade"": ""Single Grade"", ""source"": ""BCA Registered Contractors""}"
"c139574d-2587-4199-80d3-7df6a9ca4ead","11STAR ENGINEERING PTE. LTD.","supplier","contact@11starengineeringpteltd.com.sg","90124765","140, UPPER BUKIT TIMAH ROAD, ##03-15, BEAUTY WORLD PLAZA","588176","pending","false","{""registrationNumber"": """", ""contactPerson"": """", ""website"": """", ""taxId"": """", ""businessLicense"": """", ""description"": ""BCA Registered Contractor - ME05 (Grade: L1)"", ""city"": ""Singapore"", ""state"": """", ""country"": ""Singapore"", ""workhead"": ""ME05"", ""grade"": ""L1"", ""source"": ""BCA Registered Contractors""}"
"4800d07e-78dc-4f89-9539-d663cf3689d7","18 DEGREE SERVICES PTE. LTD.","supplier","contact@18degreeservicespteltd.com.sg","67546234","20, ANG MO KIO INDUSTRIAL PARK 2A, ##06-04, AMK TECHLINK","567761","pending","false","{""registrationNumber"": """", ""contactPerson"": """", ""website"": """", ""taxId"": """", ""businessLicense"": """", ""description"": ""BCA Registered Contractor - ME01 (Grade: L1)"", ""city"": ""Singapore"", ""state"": """", ""country"": ""Singapore"", ""workhead"": ""ME01"", ""grade"": ""L1"", ""source"": ""BCA Registered Contractors""}"
"b64fcceb-2411-453e-87ac-765c0b812486","18 STEPS PTE LTD","supplier","contact@18stepspteltd.com.sg","83283799","73, 73 ubi road 1, ##08-58, oxley bizhub","408733","pending","false","{""registrationNumber"": """", ""contactPerson"": """", ""website"": """", ""taxId"": """", ""businessLicense"": """", ""description"": ""BCA Registered Contractor - CR01 (Grade: Single Grade)"", ""city"": ""Singapore"", ""state"": """", ""country"": ""Singapore"", ""workhead"": ""CR01"", ""grade"": ""Single Grade"", ""source"": ""BCA Registered Contractors""}"
"c92b3e3b-9ad4-45c2-8907-04b420afc4ef","18 STEPS PTE LTD","supplier","contact@18stepspteltd.com.sg","83283799","73, 73 ubi road 1, ##08-58, oxley bizhub","408733","pending","false","{""registrationNumber"": """", ""contactPerson"": """", ""website"": """", ""taxId"": """", ""businessLicense"": """", ""description"": ""BCA Registered Contractor - ME05 (Grade: L1)"", ""city"": ""Singapore"", ""state"": """", ""country"": ""Singapore"", ""workhead"": ""ME05"", ""grade"": ""L1"", ""source"": ""BCA Registered Contractors""}"
"58352ae9-9ddf-4622-aefb-be1fb467654d","1800NOPESTS PTE. LTD.","supplier","contact@1800nopestspteltd.com.sg","62446926","9010, TAMPINES STREET 93, ##02-93, TAMPINES INDUSTRIAL PARK A","528844","pending","false","{""registrationNumber"": """", ""contactPerson"": """", ""website"": """", ""taxId"": """", ""businessLicense"": """", ""description"": ""BCA Registered Contractor - FM04 (Grade: L1)"", ""city"": ""Singapore"", ""state"": """", ""country"": ""Singapore"", ""workhead"": ""FM04"", ""grade"": ""L1"", ""source"": ""BCA Registered Contractors""}"
"93747d96-c580-4a1b-a2d9-40318a1b1849","189 BUILDER PTE LTD","supplier","contact@189builderpteltd.com.sg","67351189","293, RIVER VALLEY ROAD, #na, na","238334","pending","false","{""registrationNumber"": """", ""contactPerson"": """", ""website"": """", ""taxId"": """", ""businessLicense"": """", ""description"": ""BCA Registered Contractor - CW01 (Grade: C3)"", ""city"": ""Singapore"", ""state"": """", ""country"": ""Singapore"", ""workhead"": ""CW01"", ""grade"": ""C3"", ""source"": ""BCA Registered Contractors""}"
"15b67639-1eea-44d9-8ae2-0bd29162fe65","1ALPHABET PTE LTD","supplier","contact@1alphabetpteltd.com.sg","81775544","1014, GEYLANG EAST AVE 3, ##06-204, na","389729","pending","false","{""registrationNumber"": """", ""contactPerson"": """", ""website"": """", ""taxId"": """", ""businessLicense"": """", ""description"": ""BCA Registered Contractor - CR06 (Grade: L1)"", ""city"": ""Singapore"", ""state"": """", ""country"": ""Singapore"", ""workhead"": ""CR06"", ""grade"": ""L1"", ""source"": ""BCA Registered Contractors""}"
"3a1ad906-3bbb-4644-816f-8efacd05ea3c","1E SERVICES PTE. LTD.","supplier","contact@1eservicespteltd.com.sg","91547688","35, TANNERY ROAD, ##03-06A, RUBY INDUSTRIAL COMPLEX","347740","pending","false","{""registrationNumber"": """", ""contactPerson"": """", ""website"": """", ""taxId"": """", ""businessLicense"": """", ""description"": ""BCA Registered Contractor - ME01 (Grade: L1)"", ""city"": ""Singapore"", ""state"": """", ""country"": ""Singapore"", ""workhead"": ""ME01"", ""grade"": ""L1"", ""source"": ""BCA Registered Contractors""}"
"dd1cce1f-4e9c-4d4e-834b-de0b090bb4a6","1ESS PTE. LTD.","supplier","contact@1esspteltd.com.sg","97509961","1, SOON LEE STREET, ##05-70, PIONEER CENTRE","627605","pending","false","{""registrationNumber"": """", ""contactPerson"": """", ""website"": """", ""taxId"": """", ""businessLicense"": """", ""description"": ""BCA Registered Contractor - ME11 (Grade: L1)"", ""city"": ""Singapore"", ""state"": """", ""country"": ""Singapore"", ""workhead"": ""ME11"", ""grade"": ""L1"", ""source"": ""BCA Registered Contractors""}"
"6ef9033b-b88a-4ca0-a953-94590e88b477","1SOLAR PTE LTD","supplier","contact@1solarpteltd.com.sg","90468836","10, JALAN BESAR, ##08-10, na","208787","pending","false","{""registrationNumber"": """", ""contactPerson"": """", ""website"": """", ""taxId"": """", ""businessLicense"": """", ""description"": ""BCA Registered Contractor - ME03 (Grade: L1)"", ""city"": ""Singapore"", ""state"": """", ""country"": ""Singapore"", ""workhead"": ""ME03"", ""grade"": ""L1"", ""source"": ""BCA Registered Contractors""}"
"9ab48858-e1c1-4241-83ff-8086ca9031f8","1ST CLEANING SERVICES PTE LTD","supplier","contact@1stcleaningservicespteltd.com.sg","86497777","60, KAKI BUKIT PLACE, ##07-04, EUNOS TECHPARK","415979","pending","false","{""registrationNumber"": """", ""contactPerson"": """", ""website"": """", ""taxId"": """", ""businessLicense"": """", ""description"": ""BCA Registered Contractor - FM02 (Grade: L1)"", ""city"": ""Singapore"", ""state"": """", ""country"": ""Singapore"", ""workhead"": ""FM02"", ""grade"": ""L1"", ""source"": ""BCA Registered Contractors""}"
"6b3f5b42-3c7a-45f1-8244-09d80799d139","1ST ELECTRICAL SERVICES","supplier","contact@1stelectricalservices.com.sg","87770811","60, JALAN LAM HUAT, ##03-42, CARROS CENTRE","737869","pending","false","{""registrationNumber"": """", ""contactPerson"": """", ""website"": """", ""taxId"": """", ""businessLicense"": """", ""description"": ""BCA Registered Contractor - ME05 (Grade: L1)"", ""city"": ""Singapore"", ""state"": """", ""country"": ""Singapore"", ""workhead"": ""ME05"", ""grade"": ""L1"", ""source"": ""BCA Registered Contractors""}"
"a31671b0-72a5-4059-8675-50346c12635c","1ST POWER ELECTRICAL ENGINEERING","supplier","contact@1stpowerelectricalengineering.com.sg","91810031","8, BURN ROAD, #12-12, TRIVEX","369977","pending","false","{""registrationNumber"": """", ""contactPerson"": """", ""website"": """", ""taxId"": """", ""businessLicense"": """", ""description"": ""BCA Registered Contractor - ME05 (Grade: L1)"", ""city"": ""Singapore"", ""state"": """", ""country"": ""Singapore"", ""workhead"": ""ME05"", ""grade"": ""L1"", ""source"": ""BCA Registered Contractors""}"
"3ef4cd4c-eee6-434e-a857-f21e5eafde78","1ST SOLUTION GROUP PTE. LTD.","supplier","contact@1stsolutiongrouppteltd.com.sg","67437666","45, KALLANG PUDDING ROAD, ##09-02, ALPHA BUILDING","349317","pending","false","{""registrationNumber"": """", ""contactPerson"": """", ""website"": """", ""taxId"": """", ""businessLicense"": """", ""description"": ""BCA Registered Contractor - ME03 (Grade: L1)"", ""city"": ""Singapore"", ""state"": """", ""country"": ""Singapore"", ""workhead"": ""ME03"", ""grade"": ""L1"", ""source"": ""BCA Registered Contractors""}"
"59e32416-8e78-48ae-8c9a-ac0af96652a3","1ST SOLUTION GROUP PTE. LTD.","supplier","contact@1stsolutiongrouppteltd.com.sg","67437666","45, KALLANG PUDDING ROAD, ##09-02, ALPHA BUILDING","349317","pending","false","{""registrationNumber"": """", ""contactPerson"": """", ""website"": """", ""taxId"": """", ""businessLicense"": """", ""description"": ""BCA Registered Contractor - ME04 (Grade: L1)"", ""city"": ""Singapore"", ""state"": """", ""country"": ""Singapore"", ""workhead"": ""ME04"", ""grade"": ""L1"", ""source"": ""BCA Registered Contractors""}"
"ca42b3b3-8597-48ba-bca9-10ac45459329","1STAR ENGINEERING","supplier","contact@1starengineering.com.sg","90228126","1, SUNVIEW ROAD, ##02-02, ECO-TECH@SUNVIEW","627615","pending","false","{""registrationNumber"": """", ""contactPerson"": """", ""website"": """", ""taxId"": """", ""businessLicense"": """", ""description"": ""BCA Registered Contractor - ME01 (Grade: L1)"", ""city"": ""Singapore"", ""state"": """", ""country"": ""Singapore"", ""workhead"": ""ME01"", ""grade"": ""L1"", ""source"": ""BCA Registered Contractors""}"
"519e986a-5659-4e85-9934-26510145eb0f","1STOP BUILDERS PTE LTD","supplier","contact@1stopbuilderspteltd.com.sg","69096160","11, MANDAI ESTATE, ##10-12, ELDIX","729908","pending","false","{""registrationNumber"": """", ""contactPerson"": """", ""website"": """", ""taxId"": """", ""businessLicense"": """", ""description"": ""BCA Registered Contractor - CR06 (Grade: L1)"", ""city"": ""Singapore"", ""state"": """", ""country"": ""Singapore"", ""workhead"": ""CR06"", ""grade"": ""L1"", ""source"": ""BCA Registered Contractors""}"
"95b9de84-28d8-4a68-8255-83950a9b2b9d","2 BOX DESIGN PTE LTD","supplier","contact@2boxdesignpteltd.com.sg","82085951","6, UBI ROAD, ##08-04, WINTECH CENTRE","408726","pending","false","{""registrationNumber"": """", ""contactPerson"": """", ""website"": """", ""taxId"": """", ""businessLicense"": """", ""description"": ""BCA Registered Contractor - CR06 (Grade: L1)"", ""city"": ""Singapore"", ""state"": """", ""country"": ""Singapore"", ""workhead"": ""CR06"", ""grade"": ""L1"", ""source"": ""BCA Registered Contractors""}"
"fb93ab8b-2298-4d90-b2d9-869ab2c0e358","21 CONSTRUCTION ENGINEERING PTE. LTD.","supplier","contact@21constructionengineeringpteltd.com.sg","62550887","25, BUKIT BATOK CRESCENT, ##08-04, THE ELITIST","658066","pending","false","{""registrationNumber"": """", ""contactPerson"": """", ""website"": """", ""taxId"": """", ""businessLicense"": """", ""description"": ""BCA Registered Contractor - CW01 (Grade: C3)"", ""city"": ""Singapore"", ""state"": """", ""country"": ""Singapore"", ""workhead"": ""CW01"", ""grade"": ""C3"", ""source"": ""BCA Registered Contractors""}"
"04421999-2e51-4d3b-8725-7dbd675bc3a5","21 SHUTTERS PTE. LTD.","supplier","contact@21shutterspteltd.com.sg","64452121","3018, BEDOK NORTH STREET 5, ##03-12, EASTLINK","486132","pending","false","{""registrationNumber"": """", ""contactPerson"": """", ""website"": """", ""taxId"": """", ""businessLicense"": """", ""description"": ""BCA Registered Contractor - CR18 (Grade: Single Grade)"", ""city"": ""Singapore"", ""state"": """", ""country"": ""Singapore"", ""workhead"": ""CR18"", ""grade"": ""Single Grade"", ""source"": ""BCA Registered Contractors""}"
"4a5c6d30-1497-40ee-8e95-420c3da5024a","21ST DECOR ENGINEERING PTE LTD","supplier","contact@21stdecorengineeringpteltd.com.sg","67342322","1, SOON LEE STREET, ##06-31, PIONEER CENTRE","627605","pending","false","{""registrationNumber"": """", ""contactPerson"": """", ""website"": """", ""taxId"": """", ""businessLicense"": """", ""description"": ""BCA Registered Contractor - CR06 (Grade: L1)"", ""city"": ""Singapore"", ""state"": """", ""country"": ""Singapore"", ""workhead"": ""CR06"", ""grade"": ""L1"", ""source"": ""BCA Registered Contractors""}"
"0ba10854-b7f4-4fb5-b037-310d3ccf9cc4","23 DEGREES PTE. LTD.","supplier","contact@23degreespteltd.com.sg","97597144","23, UBI ROAD 4, ##02-07, na","408620","pending","false","{""registrationNumber"": """", ""contactPerson"": """", ""website"": """", ""taxId"": """", ""businessLicense"": """", ""description"": ""BCA Registered Contractor - ME01 (Grade: L1)"", ""city"": ""Singapore"", ""state"": """", ""country"": ""Singapore"", ""workhead"": ""ME01"", ""grade"": ""L1"", ""source"": ""BCA Registered Contractors""}"
"6f2b7154-9231-4da8-b343-4f5f5300fb27","23 TECHNOLOGIES PTE. LTD.","supplier","contact@23technologiespteltd.com.sg","68461901","1004, TOA PAYOH INDUSTRIAL PARK, ##02-1499, na","319076","pending","false","{""registrationNumber"": """", ""contactPerson"": """", ""website"": """", ""taxId"": """", ""businessLicense"": """", ""description"": ""BCA Registered Contractor - ME04 (Grade: L1)"", ""city"": ""Singapore"", ""state"": """", ""country"": ""Singapore"", ""workhead"": ""ME04"", ""grade"": ""L1"", ""source"": ""BCA Registered Contractors""}"
"211cd1e8-0479-4ee1-85f7-06a0f0659e26","25 DEGREES PTE LTD","supplier","contact@25degreespteltd.com.sg","96958768","2, SIMS CLOSE, ##02-06, GEMINI","387298","pending","false","{""registrationNumber"": """", ""contactPerson"": """", ""website"": """", ""taxId"": """", ""businessLicense"": """", ""description"": ""BCA Registered Contractor - ME01 (Grade: L1)"", ""city"": ""Singapore"", ""state"": """", ""country"": ""Singapore"", ""workhead"": ""ME01"", ""grade"": ""L1"", ""source"": ""BCA Registered Contractors""}"
"69317e3e-30b7-4c7e-8247-20c3df67fbb8","265 FORWARD BUILDERS PTE. LTD.","supplier","contact@265forwardbuilderspteltd.com.sg","66430264","20, WOODLANDS WALK, #na, na","738391","pending","false","{""registrationNumber"": """", ""contactPerson"": """", ""website"": """", ""taxId"": """", ""businessLicense"": """", ""description"": ""BCA Registered Contractor - CR06 (Grade: L1)"", ""city"": ""Singapore"", ""state"": """", ""country"": ""Singapore"", ""workhead"": ""CR06"", ""grade"": ""L1"", ""source"": ""BCA Registered Contractors""}"
"127589fa-75ee-445d-a581-34deef4fd655","2BUILDUP PTE LTD","supplier","contact@2builduppteltd.com.sg","91264683","60, PAYA LEBAR ROAD, ##11-25, PAYA LEBAR SQUARE","409051","pending","false","{""registrationNumber"": """", ""contactPerson"": """", ""website"": """", ""taxId"": """", ""businessLicense"": """", ""description"": ""BCA Registered Contractor - CR06 (Grade: L1)"", ""city"": ""Singapore"", ""state"": """", ""country"": ""Singapore"", ""workhead"": ""CR06"", ""grade"": ""L1"", ""source"": ""BCA Registered Contractors""}"
"41a45dfd-33fd-4180-a105-86a9bb162193","2D ENGINEERING PTE. LTD.","supplier","contact@2dengineeringpteltd.com.sg","81138210","5, ST GEORGE'S LANE, ##02-181, ST GEORGE'S WEST GARDENS","320005","pending","false","{""registrationNumber"": """", ""contactPerson"": """", ""website"": """", ""taxId"": """", ""businessLicense"": """", ""description"": ""BCA Registered Contractor - CR01 (Grade: Single Grade)"", ""city"": ""Singapore"", ""state"": """", ""country"": ""Singapore"", ""workhead"": ""CR01"", ""grade"": ""Single Grade"", ""source"": ""BCA Registered Contractors""}"
"5c129e40-0238-4d87-9c5e-844fc9da33af","2E METAL ART","supplier","contact@2emetalart.com.sg","81869192","1030, EUNOS AVE 6, ##01-50, EUNOS INDUSTRIAL ESTATE","409625","pending","false","{""registrationNumber"": """", ""contactPerson"": """", ""website"": """", ""taxId"": """", ""businessLicense"": """", ""description"": ""BCA Registered Contractor - RW01 (Grade: Single Grade)"", ""city"": ""Singapore"", ""state"": """", ""country"": ""Singapore"", ""workhead"": ""RW01"", ""grade"": ""Single Grade"", ""source"": ""BCA Registered Contractors""}"
"176e8ba2-7a14-4f6c-8758-6c72f6324adc","2HQ BUILDER PTE LTD","supplier","contact@2hqbuilderpteltd.com.sg","91282066","100, PECK SEAH STREET, ##08-14, PS100","079903","pending","false","{""registrationNumber"": """", ""contactPerson"": """", ""website"": """", ""taxId"": """", ""businessLicense"": """", ""description"": ""BCA Registered Contractor - CR09 (Grade: L1)"", ""city"": ""Singapore"", ""state"": """", ""country"": ""Singapore"", ""workhead"": ""CR09"", ""grade"": ""L1"", ""source"": ""BCA Registered Contractors""}"
"36e9fead-1327-4a2a-991e-dd729d43c220","2J METAL & ELECTRICAL ENGINEERING","supplier","contact@2jmetal&electricalengineering.com.sg","67848107","9002, TAMPINES STREET 93, ##01-26, TAMPINES INDUSTRIAL PARK A","528836","pending","false","{""registrationNumber"": """", ""contactPerson"": """", ""website"": """", ""taxId"": """", ""businessLicense"": """", ""description"": ""BCA Registered Contractor - CR01 (Grade: Single Grade)"", ""city"": ""Singapore"", ""state"": """", ""country"": ""Singapore"", ""workhead"": ""CR01"", ""grade"": ""Single Grade"", ""source"": ""BCA Registered Contractors""}"
"d09e4914-86a8-4ff6-84a7-1be2facaaf14","2K BUILDER PTE LTD","supplier","contact@2kbuilderpteltd.com.sg","62542922","50, BUKIT BATOK STREET 23, ##07-06, MIDVIEW BUILDING","659578","pending","false","{""registrationNumber"": """", ""contactPerson"": """", ""website"": """", ""taxId"": """", ""businessLicense"": """", ""description"": ""BCA Registered Contractor - CW01 (Grade: C2)"", ""city"": ""Singapore"", ""state"": """", ""country"": ""Singapore"", ""workhead"": ""CW01"", ""grade"": ""C2"", ""source"": ""BCA Registered Contractors""}"
"85a2bb19-3592-42fd-8039-7f3f60712ee1","2K BUILDER PTE LTD","supplier","contact@2kbuilderpteltd.com.sg","62542922","50, BUKIT BATOK STREET 23, ##07-06, MIDVIEW BUILDING","659578","pending","false","{""registrationNumber"": """", ""contactPerson"": """", ""website"": """", ""taxId"": """", ""businessLicense"": """", ""description"": ""BCA Registered Contractor - CW02 (Grade: C1)"", ""city"": ""Singapore"", ""state"": """", ""country"": ""Singapore"", ""workhead"": ""CW02"", ""grade"": ""C1"", ""source"": ""BCA Registered Contractors""}"
"f5b48ee6-624f-4f0c-936f-28543fb2ed68","2K ENGINEERING WORKS PTE. LTD.","supplier","contact@2kengineeringworkspteltd.com.sg","62542922","50, BUKIT BATOK STREET 23, ##07-06, MIDVIEW BUILDING","659578","pending","false","{""registrationNumber"": """", ""contactPerson"": """", ""website"": """", ""taxId"": """", ""businessLicense"": """", ""description"": ""BCA Registered Contractor - CW01 (Grade: C3)"", ""city"": ""Singapore"", ""state"": """", ""country"": ""Singapore"", ""workhead"": ""CW01"", ""grade"": ""C3"", ""source"": ""BCA Registered Contractors""}"
"15079ed8-9efd-48c0-b099-0fb53dc72ef6","2K INTERNATIONAL PTE. LTD.","supplier","contact@2kinternationalpteltd.com.sg","62542922","50, BUKIT BATOK STREET 23, ##07-06, MIDVIEW BUILDING","659578","pending","false","{""registrationNumber"": """", ""contactPerson"": """", ""website"": """", ""taxId"": """", ""businessLicense"": """", ""description"": ""BCA Registered Contractor - CW02 (Grade: C3)"", ""city"": ""Singapore"", ""state"": """", ""country"": ""Singapore"", ""workhead"": ""CW02"", ""grade"": ""C3"", ""source"": ""BCA Registered Contractors""}"
"960af5fb-fbc7-4c7e-8ba3-76b06ce51c8a","2KBROS ENGINEERING PTE. LTD.","supplier","contact@2kbrosengineeringpteltd.com.sg","87808022","20, UPPER CIRCULAR ROAD, ##01-09, THE RIVERWALK","058416","pending","false","{""registrationNumber"": """", ""contactPerson"": """", ""website"": """", ""taxId"": """", ""businessLicense"": """", ""description"": ""BCA Registered Contractor - CR06 (Grade: L1)"", ""city"": ""Singapore"", ""state"": """", ""country"": ""Singapore"", ""workhead"": ""CR06"", ""grade"": ""L1"", ""source"": ""BCA Registered Contractors""}"
"2142c4fa-0cb5-45bf-9568-cf8f7e801a4b","2L INTERIOR DESIGN & CONSTRUCTION PTE. LTD.","supplier","contact@2linteriordesign&constructionpteltd.com.sg","64497492","37, LORONG 23 GEYLANG, ##03-01A, YU LI INDUSTRIAL BUILDING","388371","pending","false","{""registrationNumber"": """", ""contactPerson"": """", ""website"": """", ""taxId"": """", ""businessLicense"": """", ""description"": ""BCA Registered Contractor - CW01 (Grade: C3)"", ""city"": ""Singapore"", ""state"": """", ""country"": ""Singapore"", ""workhead"": ""CW01"", ""grade"": ""C3"", ""source"": ""BCA Registered Contractors""}"
"341c4689-092c-424e-be1c-df1e9ec6900a","2ND PHASE DESIGN INTERIOR PTE LTD","supplier","contact@2ndphasedesigninteriorpteltd.com.sg","63142181","21, WOODLANDS CLOSE, ##04-05, PRIMZ BIZHUB","737854","pending","false","{""registrationNumber"": """", ""contactPerson"": """", ""website"": """", ""taxId"": """", ""businessLicense"": """", ""description"": ""BCA Registered Contractor - CR06 (Grade: L1)"", ""city"": ""Singapore"", ""state"": """", ""country"": ""Singapore"", ""workhead"": ""CR06"", ""grade"": ""L1"", ""source"": ""BCA Registered Contractors""}"
"bd2acf0e-39a5-490b-a95e-3fba802948b1","2POINTZERO RENOVATIONS","supplier","contact@2pointzerorenovations.com.sg","87110790","31, WOODLANDS CLOSE, ##08-34, WOODLANDS HORIZON","737855","pending","false","{""registrationNumber"": """", ""contactPerson"": """", ""website"": """", ""taxId"": """", ""businessLicense"": """", ""description"": ""BCA Registered Contractor - CR06 (Grade: L1)"", ""city"": ""Singapore"", ""state"": """", ""country"": ""Singapore"", ""workhead"": ""CR06"", ""grade"": ""L1"", ""source"": ""BCA Registered Contractors""}"
"7b84628b-4345-4c17-acdf-97c73ed67c70","2SS ENGINEERING PTE.LTD.","supplier","contact@2ssengineeringpteltd.com.sg","85399148","65, SIMS AVENUE, ##02-01, YI XIU FACTORY BUILDING","387418","pending","false","{""registrationNumber"": """", ""contactPerson"": """", ""website"": """", ""taxId"": """", ""businessLicense"": """", ""description"": ""BCA Registered Contractor - CR01 (Grade: Single Grade)"", ""city"": ""Singapore"", ""state"": """", ""country"": ""Singapore"", ""workhead"": ""CR01"", ""grade"": ""Single Grade"", ""source"": ""BCA Registered Contractors""}"
"224e708a-8c0c-4dea-b577-f264df2554b0","2T CONTRACTORS PTE LTD","supplier","contact@2tcontractorspteltd.com.sg","90256171","31, WOODLANDS CLOSE, #na, na","737855","pending","false","{""registrationNumber"": """", ""contactPerson"": """", ""website"": """", ""taxId"": """", ""businessLicense"": """", ""description"": ""BCA Registered Contractor - CR06 (Grade: L1)"", ""city"": ""Singapore"", ""state"": """", ""country"": ""Singapore"", ""workhead"": ""CR06"", ""grade"": ""L1"", ""source"": ""BCA Registered Contractors""}"
"f80c6f35-aa7b-4a3e-b3ce-576e744e208f","2TO PTE. LTD.","supplier","contact@2topteltd.com.sg","85543542","3012, BEDOK INDUSTRIAL PARK E, ##03-2078, BEDOK INDUSTRIAL PARK E","489978","pending","false","{""registrationNumber"": """", ""contactPerson"": """", ""website"": """", ""taxId"": """", ""businessLicense"": """", ""description"": ""BCA Registered Contractor - CR01 (Grade: Single Grade)"", ""city"": ""Singapore"", ""state"": """", ""country"": ""Singapore"", ""workhead"": ""CR01"", ""grade"": ""Single Grade"", ""source"": ""BCA Registered Contractors""}"
"14e834c0-a3e1-45d7-9c93-31256774a2a4","2XK ENGINEERING PTE LTD","supplier","contact@2xkengineeringpteltd.com.sg","82015212","71, WOODLANDS AVENUE 10, ##03-01, WOODLANDS INDUSTRIAL XCHANGE","737743","pending","false","{""registrationNumber"": """", ""contactPerson"": """", ""website"": """", ""taxId"": """", ""businessLicense"": """", ""description"": ""BCA Registered Contractor - CR01 (Grade: Single Grade)"", ""city"": ""Singapore"", ""state"": """", ""country"": ""Singapore"", ""workhead"": ""CR01"", ""grade"": ""Single Grade"", ""source"": ""BCA Registered Contractors""}"
"8e759917-15e2-4093-94b1-e26af89e8f45","3 ACES ADVERTISING PTE LTD","supplier","contact@3acesadvertisingpteltd.com.sg","63795200","2, LENG KEE ROAD, ##04-04, THYE HONG CENTRE","159086","pending","false","{""registrationNumber"": """", ""contactPerson"": """", ""website"": """", ""taxId"": """", ""businessLicense"": """", ""description"": ""BCA Registered Contractor - CR11 (Grade: L1)"", ""city"": ""Singapore"", ""state"": """", ""country"": ""Singapore"", ""workhead"": ""CR11"", ""grade"": ""L1"", ""source"": ""BCA Registered Contractors""}"
"9001014c-48a4-4f2f-b583-e58b4adb4990","3 C FOUNDATIONS PTE LTD","supplier","contact@3cfoundationspteltd.com.sg","98806539","10, BUROH STREET, ##05-42, WEST CONNECT BUILDING","627564","pending","false","{""registrationNumber"": """", ""contactPerson"": """", ""website"": """", ""taxId"": """", ""businessLicense"": """", ""description"": ""BCA Registered Contractor - CR08 (Grade: L1)"", ""city"": ""Singapore"", ""state"": """", ""country"": ""Singapore"", ""workhead"": ""CR08"", ""grade"": ""L1"", ""source"": ""BCA Registered Contractors""}"
"3a43717d-6a63-4fb1-a013-38afc48f5457","3 CONCEPTS PTE. LTD.","supplier","contact@3conceptspteltd.com.sg","90689004","19, KIM KEAT ROAD, ##10-01, FU TSU BUILDING","328804","pending","false","{""registrationNumber"": """", ""contactPerson"": """", ""website"": """", ""taxId"": """", ""businessLicense"": """", ""description"": ""BCA Registered Contractor - CR06 (Grade: L1)"", ""city"": ""Singapore"", ""state"": """", ""country"": ""Singapore"", ""workhead"": ""CR06"", ""grade"": ""L1"", ""source"": ""BCA Registered Contractors""}"
"96725e63-67b0-4fe4-a2aa-45e9743f9e6d","3 SQUARE MEDIA SOLUTIONS PTE. LTD.","supplier","contact@3squaremediasolutionspteltd.com.sg","63699116","2, YISHUN INDUSTRIAL STREET 1, ##06-09, NORTH POINT BIZHUB","768159","pending","false","{""registrationNumber"": """", ""contactPerson"": """", ""website"": """", ""taxId"": """", ""businessLicense"": """", ""description"": ""BCA Registered Contractor - ME05 (Grade: L1)"", ""city"": ""Singapore"", ""state"": """", ""country"": ""Singapore"", ""workhead"": ""ME05"", ""grade"": ""L1"", ""source"": ""BCA Registered Contractors""}"
"03027488-8b41-4ba1-9819-2576965b75d2","3 STAR ENGINEERING PTE. LTD.","supplier","contact@3starengineeringpteltd.com.sg","65155220","48, TOH GUAN ROAD EAST, ##03-142, ENTERPRISE HUB","608586","pending","false","{""registrationNumber"": """", ""contactPerson"": """", ""website"": """", ""taxId"": """", ""businessLicense"": """", ""description"": ""BCA Registered Contractor - CW01 (Grade: C3)"", ""city"": ""Singapore"", ""state"": """", ""country"": ""Singapore"", ""workhead"": ""CW01"", ""grade"": ""C3"", ""source"": ""BCA Registered Contractors""}"
"2c422716-f64d-4d6e-9aed-51bd455e1bd5","3 TOUGH MANAGEMENT PTE LTD","supplier","contact@3toughmanagementpteltd.com.sg","82233121","1, CORPORATION DRIVE, ##09-09, na","619775","pending","false","{""registrationNumber"": """", ""contactPerson"": """", ""website"": """", ""taxId"": """", ""businessLicense"": """", ""description"": ""BCA Registered Contractor - CW01 (Grade: C3)"", ""city"": ""Singapore"", ""state"": """", ""country"": ""Singapore"", ""workhead"": ""CW01"", ""grade"": ""C3"", ""source"": ""BCA Registered Contractors""}"
"205e2322-905d-4316-b8c9-7458522c674c","3+I DESIGN STUDIO PTE LTD","supplier","contact@3+idesignstudiopteltd.com.sg","97876064","35, Kallang Pudding Road, ##04-04F, Tong Lee Building Block A","349314","pending","false","{""registrationNumber"": """", ""contactPerson"": """", ""website"": """", ""taxId"": """", ""businessLicense"": """", ""description"": ""BCA Registered Contractor - CR06 (Grade: L1)"", ""city"": ""Singapore"", ""state"": """", ""country"": ""Singapore"", ""workhead"": ""CR06"", ""grade"": ""L1"", ""source"": ""BCA Registered Contractors""}"
"39b6eb53-d7c3-48b8-b118-f484e66d6d17","3-LINK ENGINEERING PTE. LTD.","supplier","contact@3-linkengineeringpteltd.com.sg","63565477","56, KALLANG PUDDING ROAD, ##07-02, HH @ KALLANG","349328","pending","false","{""registrationNumber"": """", ""contactPerson"": """", ""website"": """", ""taxId"": """", ""businessLicense"": """", ""description"": ""BCA Registered Contractor - CW01 (Grade: B1)"", ""city"": ""Singapore"", ""state"": """", ""country"": ""Singapore"", ""workhead"": ""CW01"", ""grade"": ""B1"", ""source"": ""BCA Registered Contractors""}"
"6cbb966b-41d6-46f2-933b-0776b2bdb08a","3000IMMUNITY PTE LTD","supplier","contact@3000immunitypteltd.com.sg","88771572","126, JOO SENG ROAD, ##04-15C, GOLD PINE INDUSTRIAL BUILDING","368355","pending","false","{""registrationNumber"": """", ""contactPerson"": """", ""website"": """", ""taxId"": """", ""businessLicense"": """", ""description"": ""BCA Registered Contractor - FM04 (Grade: L1)"", ""city"": ""Singapore"", ""state"": """", ""country"": ""Singapore"", ""workhead"": ""FM04"", ""grade"": ""L1"", ""source"": ""BCA Registered Contractors""}"
"c87511e9-d085-4035-a20a-b125b9d659f2","338 PRIVATE LIMITED","supplier","contact@338privatelimited.com.sg","93233338","331, CLEMENTI AVENUE 2, ##07-154, na","120331","pending","false","{""registrationNumber"": """", ""contactPerson"": """", ""website"": """", ""taxId"": """", ""businessLicense"": """", ""description"": ""BCA Registered Contractor - ME01 (Grade: L1)"", ""city"": ""Singapore"", ""state"": """", ""country"": ""Singapore"", ""workhead"": ""ME01"", ""grade"": ""L1"", ""source"": ""BCA Registered Contractors""}"
"10d32d32-7e1a-4b29-ba3f-04099b20d5ab","360 INTEGRATED FM & SM PTE LTD","supplier","contact@360integratedfm&smpteltd.com.sg","66770360","71, BUKIT BATOK CRESCENT, ##06 - 11, PRESTIGE CENTRE","658071","pending","false","{""registrationNumber"": """", ""contactPerson"": """", ""website"": """", ""taxId"": """", ""businessLicense"": """", ""description"": ""BCA Registered Contractor - CR01 (Grade: Single Grade)"", ""city"": ""Singapore"", ""state"": """", ""country"": ""Singapore"", ""workhead"": ""CR01"", ""grade"": ""Single Grade"", ""source"": ""BCA Registered Contractors""}"
"ae8d6be2-f472-4484-b98a-d63ead00be71","360 INTEGRATED FM & SM PTE LTD","supplier","contact@360integratedfm&smpteltd.com.sg","66770360","71, BUKIT BATOK CRESCENT, ##06 - 11, PRESTIGE CENTRE","658071","pending","false","{""registrationNumber"": """", ""contactPerson"": """", ""website"": """", ""taxId"": """", ""businessLicense"": """", ""description"": ""BCA Registered Contractor - FM01 (Grade: M4)"", ""city"": ""Singapore"", ""state"": """", ""country"": ""Singapore"", ""workhead"": ""FM01"", ""grade"": ""M4"", ""source"": ""BCA Registered Contractors""}"
"fd31cf60-082b-4929-b38d-39a74d893ef2","360 INTERIOR AND CONSTRUCTION PTE LTD","supplier","contact@360interiorandconstructionpteltd.com.sg","91379199","8, UBI ROAD 2, ##03-22, ZERVEX","408538","pending","false","{""registrationNumber"": """", ""contactPerson"": """", ""website"": """", ""taxId"": """", ""businessLicense"": """", ""description"": ""BCA Registered Contractor - CR03 (Grade: Single Grade)"", ""city"": ""Singapore"", ""state"": """", ""country"": ""Singapore"", ""workhead"": ""CR03"", ""grade"": ""Single Grade"", ""source"": ""BCA Registered Contractors""}"
"73c9c4df-d413-4a30-833b-db4267e7f8cc","360AIO PTE. LTD.","supplier","contact@360aiopteltd.com.sg","68426616","3014, UBI ROAD 1, ##01-292, KAMPONG UBI INDUSTRIAL ESTATE","408702","pending","false","{""registrationNumber"": """", ""contactPerson"": """", ""website"": """", ""taxId"": """", ""businessLicense"": """", ""description"": ""BCA Registered Contractor - ME12 (Grade: L1)"", ""city"": ""Singapore"", ""state"": """", ""country"": ""Singapore"", ""workhead"": ""ME12"", ""grade"": ""L1"", ""source"": ""BCA Registered Contractors""}"
"f09cf7ea-8dd2-435e-b91a-b26fbc5304f1","366 ENVIRONMENTAL TECHNOLOGY PTE LTD","supplier","contact@366environmentaltechnologypteltd.com.sg","90944090","6, CHENG SOON LANE, #na, na","599764","pending","false","{""registrationNumber"": """", ""contactPerson"": """", ""website"": """", ""taxId"": """", ""businessLicense"": """", ""description"": ""BCA Registered Contractor - CR06 (Grade: L1)"", ""city"": ""Singapore"", ""state"": """", ""country"": ""Singapore"", ""workhead"": ""CR06"", ""grade"": ""L1"", ""source"": ""BCA Registered Contractors""}"
"536c0e86-204d-481d-9cae-7ccc08c625d2","366 WORLD PTE LTD","supplier","contact@366worldpteltd.com.sg","90944090","8, BOON LAY WAY, ##03-14, TRADEHUB 21","609964","pending","false","{""registrationNumber"": """", ""contactPerson"": """", ""website"": """", ""taxId"": """", ""businessLicense"": """", ""description"": ""BCA Registered Contractor - CR06 (Grade: L1)"", ""city"": ""Singapore"", ""state"": """", ""country"": ""Singapore"", ""workhead"": ""CR06"", ""grade"": ""L1"", ""source"": ""BCA Registered Contractors""}"
"2aec2cb8-9058-44e9-9657-8071b6f9a3a4","369 BUILDERS PTE. LTD.","supplier","contact@369builderspteltd.com.sg","62479249","101, KITCHENER ROAD, ##03-13, JALAN BESAR PLAZA","208511","pending","false","{""registrationNumber"": """", ""contactPerson"": """", ""website"": """", ""taxId"": """", ""businessLicense"": """", ""description"": ""BCA Registered Contractor - CR09 (Grade: L1)"", ""city"": ""Singapore"", ""state"": """", ""country"": ""Singapore"", ""workhead"": ""CR09"", ""grade"": ""L1"", ""source"": ""BCA Registered Contractors""}"
"7359799a-ade8-479d-9376-fa5e99b257c0","37 RENOVATION CONTRACTOR PTE. LTD.","supplier","contact@37renovationcontractorpteltd.com.sg","65569008","25, KAKI BUKIT ROAD 4, ##05-60, SYNERGY @ KB","417800","pending","false","{""registrationNumber"": """", ""contactPerson"": """", ""website"": """", ""taxId"": """", ""businessLicense"": """", ""description"": ""BCA Registered Contractor - CR06 (Grade: L1)"", ""city"": ""Singapore"", ""state"": """", ""country"": ""Singapore"", ""workhead"": ""CR06"", ""grade"": ""L1"", ""source"": ""BCA Registered Contractors""}"
"ac40e126-c858-4ccd-b6c2-5028ba923472","37K VOLTS ENGINEERING PTE LTD","supplier","contact@37kvoltsengineeringpteltd.com.sg","97292829","1010, DOVER ROAD, ##01-370V, na","139658","pending","false","{""registrationNumber"": """", ""contactPerson"": """", ""website"": """", ""taxId"": """", ""businessLicense"": """", ""description"": ""BCA Registered Contractor - ME05 (Grade: L1)"", ""city"": ""Singapore"", ""state"": """", ""country"": ""Singapore"", ""workhead"": ""ME05"", ""grade"": ""L1"", ""source"": ""BCA Registered Contractors""}"
"5cfa2d0e-17d7-452e-b23e-0547f25197de","388 PTE. LTD.","supplier","contact@388pteltd.com.sg","63169891","48, TOH GUAN ROAD EAST, ##02-123, ENTERPRISE HUB","608586","pending","false","{""registrationNumber"": """", ""contactPerson"": """", ""website"": """", ""taxId"": """", ""businessLicense"": """", ""description"": ""BCA Registered Contractor - ME12 (Grade: L4)"", ""city"": ""Singapore"", ""state"": """", ""country"": ""Singapore"", ""workhead"": ""ME12"", ""grade"": ""L4"", ""source"": ""BCA Registered Contractors""}"
"351b6a7f-2903-4216-aff7-010129339a24","3CELL PTE. LTD.","supplier","contact@3cellpteltd.com.sg","64816451","5066, ANG MO KIO INDUSTRIAL PARK 2, ##01-1395, na","569569","pending","false","{""registrationNumber"": """", ""contactPerson"": """", ""website"": """", ""taxId"": """", ""businessLicense"": """", ""description"": ""BCA Registered Contractor - ME04 (Grade: L1)"", ""city"": ""Singapore"", ""state"": """", ""country"": ""Singapore"", ""workhead"": ""ME04"", ""grade"": ""L1"", ""source"": ""BCA Registered Contractors""}"
"2f4c4d86-5526-4044-b38f-c896f6b86754","3D AVE PTE. LTD.","supplier","contact@3davepteltd.com.sg","67471791","120, EUNOS AVENUE 7, ##01-05, RICHFIELD INDUSTRIAL CENTRE","409574","pending","false","{""registrationNumber"": """", ""contactPerson"": """", ""website"": """", ""taxId"": """", ""businessLicense"": """", ""description"": ""BCA Registered Contractor - TR10 (Grade: Single Grade)"", ""city"": ""Singapore"", ""state"": """", ""country"": ""Singapore"", ""workhead"": ""TR10"", ""grade"": ""Single Grade"", ""source"": ""BCA Registered Contractors""}"
"3f988259-f81a-4de1-b112-ef40824a6a44","3D BUILT PTE. LTD.","supplier","contact@3dbuiltpteltd.com.sg","98825680","100, JALAN SULTAN, #03-32A, TEXTILE CENTRE","199001","pending","false","{""registrationNumber"": """", ""contactPerson"": """", ""website"": """", ""taxId"": """", ""businessLicense"": """", ""description"": ""BCA Registered Contractor - CR01 (Grade: Single Grade)"", ""city"": ""Singapore"", ""state"": """", ""country"": ""Singapore"", ""workhead"": ""CR01"", ""grade"": ""Single Grade"", ""source"": ""BCA Registered Contractors""}"
"c26465f4-03fe-47e6-a8e5-788be5b88adc","3D CREATIVE DESIGN PTE LTD","supplier","contact@3dcreativedesignpteltd.com.sg","66347122","18, BOON LAY WAY, ##01-97, TRADEHUB 21","609966","pending","false","{""registrationNumber"": """", ""contactPerson"": """", ""website"": """", ""taxId"": """", ""businessLicense"": """", ""description"": ""BCA Registered Contractor - CR06 (Grade: L1)"", ""city"": ""Singapore"", ""state"": """", ""country"": ""Singapore"", ""workhead"": ""CR06"", ""grade"": ""L1"", ""source"": ""BCA Registered Contractors""}"
"141c96d3-c70a-4ca6-b64b-8deeddb25039","3D DESIGN BUILDER","supplier","contact@3ddesignbuilder.com.sg","82378257","100, LORONG 23 GEYLANG, ##6-03, D'CENTENNIAL","388398","pending","false","{""registrationNumber"": """", ""contactPerson"": """", ""website"": """", ""taxId"": """", ""businessLicense"": """", ""description"": ""BCA Registered Contractor - CR06 (Grade: L1)"", ""city"": ""Singapore"", ""state"": """", ""country"": ""Singapore"", ""workhead"": ""CR06"", ""grade"": ""L1"", ""source"": ""BCA Registered Contractors""}"
"a17a54f5-0cbf-42f8-ac69-6cf5483186c1","3E BUILDER & PREFAB PTE. LTD.","supplier","contact@3ebuilder&prefabpteltd.com.sg","96241133","81, TAGORE LANE, ##04-09B, TAG A","787502","pending","false","{""registrationNumber"": """", ""contactPerson"": """", ""website"": """", ""taxId"": """", ""businessLicense"": """", ""description"": ""BCA Registered Contractor - TR02 (Grade: Single Grade)"", ""city"": ""Singapore"", ""state"": """", ""country"": ""Singapore"", ""workhead"": ""TR02"", ""grade"": ""Single Grade"", ""source"": ""BCA Registered Contractors""}"
"435e26ad-36c0-43d4-8c2e-f09a66c6b0a7","3E ENGRG PTE. LTD.","supplier","contact@3eengrgpteltd.com.sg","92288928","933, JURONG WEST STREET 91, ##13-367, NANYANG RUBY","640933","pending","false","{""registrationNumber"": """", ""contactPerson"": """", ""website"": """", ""taxId"": """", ""businessLicense"": """", ""description"": ""BCA Registered Contractor - ME05 (Grade: L1)"", ""city"": ""Singapore"", ""state"": """", ""country"": ""Singapore"", ""workhead"": ""ME05"", ""grade"": ""L1"", ""source"": ""BCA Registered Contractors""}"
"b529a3de-84b4-4b11-8966-adf674df6665","3E POWER ENGINEERING PTE. LTD.","supplier","contact@3epowerengineeringpteltd.com.sg","63541008","1003, TOA PAYOH INDUSTRIAL PARK, ##04-1525, TOA PAYOH INDUSTRIAL PARK","319075","pending","false","{""registrationNumber"": """", ""contactPerson"": """", ""website"": """", ""taxId"": """", ""businessLicense"": """", ""description"": ""BCA Registered Contractor - ME05 (Grade: L1)"", ""city"": ""Singapore"", ""state"": """", ""country"": ""Singapore"", ""workhead"": ""ME05"", ""grade"": ""L1"", ""source"": ""BCA Registered Contractors""}"
"f540eee1-9deb-4048-8622-c05d0b5ee7f6","3E SG PTE LTD","supplier","contact@3esgpteltd.com.sg","87900078","109, HILLVIEW CRESENT, #na, HILLVIEW VILLAS","669502","pending","false","{""registrationNumber"": """", ""contactPerson"": """", ""website"": """", ""taxId"": """", ""businessLicense"": """", ""description"": ""BCA Registered Contractor - ME11 (Grade: L1)"", ""city"": ""Singapore"", ""state"": """", ""country"": ""Singapore"", ""workhead"": ""ME11"", ""grade"": ""L1"", ""source"": ""BCA Registered Contractors""}"
"8708fb12-f752-48e2-9a14-3a19de74c007","3E SG PTE LTD","supplier","contact@3esgpteltd.com.sg","87900078","109, HILLVIEW CRESENT, #na, HILLVIEW VILLAS","669502","pending","false","{""registrationNumber"": """", ""contactPerson"": """", ""website"": """", ""taxId"": """", ""businessLicense"": """", ""description"": ""BCA Registered Contractor - SY08 (Grade: L1)"", ""city"": ""Singapore"", ""state"": """", ""country"": ""Singapore"", ""workhead"": ""SY08"", ""grade"": ""L1"", ""source"": ""BCA Registered Contractors""}"
"fb7757e6-d1d4-43d5-85bd-9a769ecefcad","3F ENGINEERING & CONSTRUCTION PTE.LTD.","supplier","contact@3fengineering&constructionpteltd.com.sg","96922279","640, ROWELL ROAD, ##01-78, na","200640","pending","false","{""registrationNumber"": """", ""contactPerson"": """", ""website"": """", ""taxId"": """", ""businessLicense"": """", ""description"": ""BCA Registered Contractor - ME05 (Grade: L1)"", ""city"": ""Singapore"", ""state"": """", ""country"": ""Singapore"", ""workhead"": ""ME05"", ""grade"": ""L1"", ""source"": ""BCA Registered Contractors""}"
"d13a1a1b-8f01-4e7c-8cb3-3bc2b8f91ef7","3FR ENTERPRISES PTE LTD","supplier","contact@3frenterprisespteltd.com.sg","87884313","141, CECIL STREET, #07-01, TUNG ANN ASSOCIATION BUILDING","069541","pending","false","{""registrationNumber"": """", ""contactPerson"": """", ""website"": """", ""taxId"": """", ""businessLicense"": """", ""description"": ""BCA Registered Contractor - CR06 (Grade: L1)"", ""city"": ""Singapore"", ""state"": """", ""country"": ""Singapore"", ""workhead"": ""CR06"", ""grade"": ""L1"", ""source"": ""BCA Registered Contractors""}"
"b0aa47f1-39d1-4873-8c54-7bf813029318","3G CONSTRUCTION PTE. LTD.","supplier","contact@3gconstructionpteltd.com.sg","68489200","167, BUKIT BATOK WEST AVENUE 8, ##06-236, na","650167","pending","false","{""registrationNumber"": """", ""contactPerson"": """", ""website"": """", ""taxId"": """", ""businessLicense"": """", ""description"": ""BCA Registered Contractor - CW01 (Grade: C3)"", ""city"": ""Singapore"", ""state"": """", ""country"": ""Singapore"", ""workhead"": ""CW01"", ""grade"": ""C3"", ""source"": ""BCA Registered Contractors""}"
"a01b2469-9d74-4fa1-a760-cb2b3fa10d6c","3G ELECTRICAL & DESIGN PTE LTD PTE. LTD.","supplier","contact@3gelectrical&designpteltdpteltd.com.sg","81983520","11, WOODLANDS CLOSE, ##09-05, WOODLANDS 11","737853","pending","false","{""registrationNumber"": """", ""contactPerson"": """", ""website"": """", ""taxId"": """", ""businessLicense"": """", ""description"": ""BCA Registered Contractor - ME11 (Grade: L1)"", ""city"": ""Singapore"", ""state"": """", ""country"": ""Singapore"", ""workhead"": ""ME11"", ""grade"": ""L1"", ""source"": ""BCA Registered Contractors""}"
"69fbe6d0-e824-472d-9f5e-4df28fa5b352","3GP SOLUTIONS PTE.LTD.","supplier","contact@3gpsolutionspteltd.com.sg","65143228","1, THOMSON ROAD, ##04-326F, BALESTIER HILL SHOPPING CENTRE","300001","pending","false","{""registrationNumber"": """", ""contactPerson"": """", ""website"": """", ""taxId"": """", ""businessLicense"": """", ""description"": ""BCA Registered Contractor - ME01 (Grade: L1)"", ""city"": ""Singapore"", ""state"": """", ""country"": ""Singapore"", ""workhead"": ""ME01"", ""grade"": ""L1"", ""source"": ""BCA Registered Contractors""}"
"713acd88-295c-4d91-b7b4-1f1b6d98b3ac","3H AIRCONDITIONING & ENGINEERING PTE LTD","supplier","contact@3hairconditioning&engineeringpteltd.com.sg","64835702","10, ADMIRALTY STREET, ##04-78, NORTH LINK BUILDING","757695","pending","false","{""registrationNumber"": """", ""contactPerson"": """", ""website"": """", ""taxId"": """", ""businessLicense"": """", ""description"": ""BCA Registered Contractor - ME01 (Grade: L2)"", ""city"": ""Singapore"", ""state"": """", ""country"": ""Singapore"", ""workhead"": ""ME01"", ""grade"": ""L2"", ""source"": ""BCA Registered Contractors""}"
"d2291ffe-3a3a-4675-afe6-3cb8a67424b1","3H DECOR PTE. LTD.","supplier","contact@3hdecorpteltd.com.sg","68948944","71, WOODLANDS INDUSTRIAL PARK E9, ##03-02, WAVE 9","757048","pending","false","{""registrationNumber"": """", ""contactPerson"": """", ""website"": """", ""taxId"": """", ""businessLicense"": """", ""description"": ""BCA Registered Contractor - CR06 (Grade: L3)"", ""city"": ""Singapore"", ""state"": """", ""country"": ""Singapore"", ""workhead"": ""CR06"", ""grade"": ""L3"", ""source"": ""BCA Registered Contractors""}"
"3285c2a8-52e4-4c75-9b49-de4b0c4b4fbe","3HA CONSTRUCTION PTE LTD","supplier","contact@3haconstructionpteltd.com.sg","96456315","979, JURONG WEST STREET 93, ##03-325, na","640979","pending","false","{""registrationNumber"": """", ""contactPerson"": """", ""website"": """", ""taxId"": """", ""businessLicense"": """", ""description"": ""BCA Registered Contractor - CR09 (Grade: L1)"", ""city"": ""Singapore"", ""state"": """", ""country"": ""Singapore"", ""workhead"": ""CR09"", ""grade"": ""L1"", ""source"": ""BCA Registered Contractors""}"
"4fbc7d6f-cbe7-4676-a2c2-b8d83aad182a","3I TECHNOLOGIES PTE LTD","supplier","contact@3itechnologiespteltd.com.sg","68626388","8, BOON LAY WAY, ##05-04, 8@TRADEHUB 21","609964","pending","false","{""registrationNumber"": """", ""contactPerson"": """", ""website"": """", ""taxId"": """", ""businessLicense"": """", ""description"": ""BCA Registered Contractor - ME04 (Grade: L2)"", ""city"": ""Singapore"", ""state"": """", ""country"": ""Singapore"", ""workhead"": ""ME04"", ""grade"": ""L2"", ""source"": ""BCA Registered Contractors""}"
"0244d6ae-8318-46a7-a6d4-f6f828c67e2f","3ISTUDIO CONSULTANTS PTE. LTD.","supplier","contact@3istudioconsultantspteltd.com.sg","62731849","5, JALAN KILANG BARAT, ##05-02, PETRO CENTRE","159349","pending","false","{""registrationNumber"": """", ""contactPerson"": """", ""website"": """", ""taxId"": """", ""businessLicense"": """", ""description"": ""BCA Registered Contractor - CR06 (Grade: L3)"", ""city"": ""Singapore"", ""state"": """", ""country"": ""Singapore"", ""workhead"": ""CR06"", ""grade"": ""L3"", ""source"": ""BCA Registered Contractors""}"
"8c774d02-5f68-4ef8-b5a8-1a78136556d7","3J CONSTRUCTION (S) PTE. LTD.","supplier","contact@3jconstruction(s)pteltd.com.sg","62542557","39, WOODLANDS CLOSE, ##04-03/04, MEGA@WOODLANDS","737856","pending","false","{""registrationNumber"": """", ""contactPerson"": """", ""website"": """", ""taxId"": """", ""businessLicense"": """", ""description"": ""BCA Registered Contractor - ME01 (Grade: L3)"", ""city"": ""Singapore"", ""state"": """", ""country"": ""Singapore"", ""workhead"": ""ME01"", ""grade"": ""L3"", ""source"": ""BCA Registered Contractors""}"
"cc809612-00c5-457b-8296-4396c5f0beb0","3L E&C PTE LTD","supplier","contact@3le&cpteltd.com.sg","88763339","32, ANG MO KIO INDUSTRIAL PARK 2, ##06-06, SING INDUSTRIAL COMPLEX","569510","pending","false","{""registrationNumber"": """", ""contactPerson"": """", ""website"": """", ""taxId"": """", ""businessLicense"": """", ""description"": ""BCA Registered Contractor - CW01 (Grade: C3)"", ""city"": ""Singapore"", ""state"": """", ""country"": ""Singapore"", ""workhead"": ""CW01"", ""grade"": ""C3"", ""source"": ""BCA Registered Contractors""}"
"bfe1f5a7-d730-4cba-86cc-4f431ba8d9ff","3L E&C PTE LTD","supplier","contact@3le&cpteltd.com.sg","88763339","32, ANG MO KIO INDUSTRIAL PARK 2, ##06-06, SING INDUSTRIAL COMPLEX","569510","pending","false","{""registrationNumber"": """", ""contactPerson"": """", ""website"": """", ""taxId"": """", ""businessLicense"": """", ""description"": ""BCA Registered Contractor - CR13 (Grade: L1)"", ""city"": ""Singapore"", ""state"": """", ""country"": ""Singapore"", ""workhead"": ""CR13"", ""grade"": ""L1"", ""source"": ""BCA Registered Contractors""}"
"a8175bc2-ba3e-480e-8af2-c946137f7ccb","3L E&C PTE LTD","supplier","contact@3le&cpteltd.com.sg","88763339","32, ANG MO KIO INDUSTRIAL PARK 2, ##06-06, SING INDUSTRIAL COMPLEX","569510","pending","false","{""registrationNumber"": """", ""contactPerson"": """", ""website"": """", ""taxId"": """", ""businessLicense"": """", ""description"": ""BCA Registered Contractor - ME01 (Grade: L1)"", ""city"": ""Singapore"", ""state"": """", ""country"": ""Singapore"", ""workhead"": ""ME01"", ""grade"": ""L1"", ""source"": ""BCA Registered Contractors""}"
"2413847c-f657-4f92-80e7-fc9571e54559","3L E&C PTE LTD","supplier","contact@3le&cpteltd.com.sg","88763339","32, ANG MO KIO INDUSTRIAL PARK 2, ##06-06, SING INDUSTRIAL COMPLEX","569510","pending","false","{""registrationNumber"": """", ""contactPerson"": """", ""website"": """", ""taxId"": """", ""businessLicense"": """", ""description"": ""BCA Registered Contractor - ME05 (Grade: L1)"", ""city"": ""Singapore"", ""state"": """", ""country"": ""Singapore"", ""workhead"": ""ME05"", ""grade"": ""L1"", ""source"": ""BCA Registered Contractors""}"
