code,name,parent_code,level,display_order,source
C01,Preliminaries & General,,1,1,"Derived from common Singapore practice (BCA CDE Data Standard, iNPQS references) and international classification standards (ISO 6707, Uniclass 2015, OmniClass, MasterFormat)."
C01-01,Temporary Facilities & Site Setup,C01,2,1,"Derived from common Singapore practice (BCA CDE Data Standard, iNPQS references) and international classification standards (ISO 6707, Uniclass 2015, OmniClass, MasterFormat)."
C01-01-01,Temporary Fencing & Hoarding,C01-01,3,1,"Derived from common Singapore practice (BCA CDE Data Standard, iNPQS references) and international classification standards (ISO 6707, Uniclass 2015, OmniClass, MasterFormat)."
C01-01-02,Site Signage,C01-01,3,2,"Derived from common Singapore practice (BCA CDE Data Standard, iNPQS references) and international classification standards (ISO 6707, Uniclass 2015, OmniClass, MasterFormat)."
C02,Earthworks & Ground Improvement,,1,2,"Derived from common Singapore practice (BCA CDE Data Standard, iNPQS references) and international classification standards (ISO 6707, Uniclass 2015, OmniClass, MasterFormat)."
C02-01,Fill & Backfill Materials,C02,2,1,"Derived from common Singapore practice (BCA CDE Data Standard, iNPQS references) and international classification standards (ISO 6707, Uniclass 2015, OmniClass, MasterFormat)."
C02-01-01,Sand,C02-01,3,1,"Derived from common Singapore practice (BCA CDE Data Standard, iNPQS references) and international classification standards (ISO 6707, Uniclass 2015, OmniClass, MasterFormat)."
C02-01-02,Gravel,C02-01,3,2,"Derived from common Singapore practice (BCA CDE Data Standard, iNPQS references) and international classification standards (ISO 6707, Uniclass 2015, OmniClass, MasterFormat)."
C02-01-03,Crushed Rock,C02-01,3,3,"Derived from common Singapore practice (BCA CDE Data Standard, iNPQS references) and international classification standards (ISO 6707, Uniclass 2015, OmniClass, MasterFormat)."
C02-01-04,Topsoil,C02-01,3,4,"Derived from common Singapore practice (BCA CDE Data Standard, iNPQS references) and international classification standards (ISO 6707, Uniclass 2015, OmniClass, MasterFormat)."
C02-02,Geosynthetics & Stabilization,C02,2,2,"Derived from common Singapore practice (BCA CDE Data Standard, iNPQS references) and international classification standards (ISO 6707, Uniclass 2015, OmniClass, MasterFormat)."
C02-02-01,Geotextile,C02-02,3,1,"Derived from common Singapore practice (BCA CDE Data Standard, iNPQS references) and international classification standards (ISO 6707, Uniclass 2015, OmniClass, MasterFormat)."
C02-02-02,Geogrid,C02-02,3,2,"Derived from common Singapore practice (BCA CDE Data Standard, iNPQS references) and international classification standards (ISO 6707, Uniclass 2015, OmniClass, MasterFormat)."
C02-02-03,Geocell,C02-02,3,3,"Derived from common Singapore practice (BCA CDE Data Standard, iNPQS references) and international classification standards (ISO 6707, Uniclass 2015, OmniClass, MasterFormat)."
C02-03,Erosion Control,C02,2,3,"Derived from common Singapore practice (BCA CDE Data Standard, iNPQS references) and international classification standards (ISO 6707, Uniclass 2015, OmniClass, MasterFormat)."
C02-03-01,Erosion Control Blanket,C02-03,3,1,"Derived from common Singapore practice (BCA CDE Data Standard, iNPQS references) and international classification standards (ISO 6707, Uniclass 2015, OmniClass, MasterFormat)."
C02-03-02,Silt Fence Fabric,C02-03,3,2,"Derived from common Singapore practice (BCA CDE Data Standard, iNPQS references) and international classification standards (ISO 6707, Uniclass 2015, OmniClass, MasterFormat)."
C02-03-03,Coir Logs,C02-03,3,3,"Derived from common Singapore practice (BCA CDE Data Standard, iNPQS references) and international classification standards (ISO 6707, Uniclass 2015, OmniClass, MasterFormat)."
C03,Substructure & Piling,,1,3,"Derived from common Singapore practice (BCA CDE Data Standard, iNPQS references) and international classification standards (ISO 6707, Uniclass 2015, OmniClass, MasterFormat)."
C03-01,Piling Materials,C03,2,1,"Derived from common Singapore practice (BCA CDE Data Standard, iNPQS references) and international classification standards (ISO 6707, Uniclass 2015, OmniClass, MasterFormat)."
C03-01-01,Precast Concrete Piles,C03-01,3,1,"Derived from common Singapore practice (BCA CDE Data Standard, iNPQS references) and international classification standards (ISO 6707, Uniclass 2015, OmniClass, MasterFormat)."
C03-01-02,Steel H Piles,C03-01,3,2,"Derived from common Singapore practice (BCA CDE Data Standard, iNPQS references) and international classification standards (ISO 6707, Uniclass 2015, OmniClass, MasterFormat)."
C03-01-03,Steel Sheet Piles,C03-01,3,3,"Derived from common Singapore practice (BCA CDE Data Standard, iNPQS references) and international classification standards (ISO 6707, Uniclass 2015, OmniClass, MasterFormat)."
C03-01-04,Pile Shoes,C03-01,3,4,"Derived from common Singapore practice (BCA CDE Data Standard, iNPQS references) and international classification standards (ISO 6707, Uniclass 2015, OmniClass, MasterFormat)."
C03-02,Foundation Ancillaries,C03,2,2,"Derived from common Singapore practice (BCA CDE Data Standard, iNPQS references) and international classification standards (ISO 6707, Uniclass 2015, OmniClass, MasterFormat)."
C03-02-01,Blinding Concrete,C03-02,3,1,"Derived from common Singapore practice (BCA CDE Data Standard, iNPQS references) and international classification standards (ISO 6707, Uniclass 2015, OmniClass, MasterFormat)."
C04,Concrete & Reinforcement,,1,4,"Derived from common Singapore practice (BCA CDE Data Standard, iNPQS references) and international classification standards (ISO 6707, Uniclass 2015, OmniClass, MasterFormat)."
C04-01,Ready-Mix Concrete,C04,2,1,"Derived from common Singapore practice (BCA CDE Data Standard, iNPQS references) and international classification standards (ISO 6707, Uniclass 2015, OmniClass, MasterFormat)."
C04-01-01,Concrete Grade,C04-01,3,1,"Derived from common Singapore practice (BCA CDE Data Standard, iNPQS references) and international classification standards (ISO 6707, Uniclass 2015, OmniClass, MasterFormat)."
C04-02,Cement & Admixtures,C04,2,2,"Derived from common Singapore practice (BCA CDE Data Standard, iNPQS references) and international classification standards (ISO 6707, Uniclass 2015, OmniClass, MasterFormat)."
C04-02-01,Cement,C04-02,3,1,"Derived from common Singapore practice (BCA CDE Data Standard, iNPQS references) and international classification standards (ISO 6707, Uniclass 2015, OmniClass, MasterFormat)."
C04-02-02,Concrete Admixture,C04-02,3,2,"Derived from common Singapore practice (BCA CDE Data Standard, iNPQS references) and international classification standards (ISO 6707, Uniclass 2015, OmniClass, MasterFormat)."
C04-03,Reinforcement,C04,2,3,"Derived from common Singapore practice (BCA CDE Data Standard, iNPQS references) and international classification standards (ISO 6707, Uniclass 2015, OmniClass, MasterFormat)."
C04-03-01,Rebar,C04-03,3,1,"Derived from common Singapore practice (BCA CDE Data Standard, iNPQS references) and international classification standards (ISO 6707, Uniclass 2015, OmniClass, MasterFormat)."
C04-03-02,Welded Mesh,C04-03,3,2,"Derived from common Singapore practice (BCA CDE Data Standard, iNPQS references) and international classification standards (ISO 6707, Uniclass 2015, OmniClass, MasterFormat)."
C04-04,Formwork,C04,2,4,"Derived from common Singapore practice (BCA CDE Data Standard, iNPQS references) and international classification standards (ISO 6707, Uniclass 2015, OmniClass, MasterFormat)."
C04-04-01,Formwork Plywood,C04-04,3,1,"Derived from common Singapore practice (BCA CDE Data Standard, iNPQS references) and international classification standards (ISO 6707, Uniclass 2015, OmniClass, MasterFormat)."
C04-04-02,Formwork Accessories,C04-04,3,2,"Derived from common Singapore practice (BCA CDE Data Standard, iNPQS references) and international classification standards (ISO 6707, Uniclass 2015, OmniClass, MasterFormat)."
C05,Structural Steel,,1,5,"Derived from common Singapore practice (BCA CDE Data Standard, iNPQS references) and international classification standards (ISO 6707, Uniclass 2015, OmniClass, MasterFormat)."
C05-01,Structural Sections,C05,2,1,"Derived from common Singapore practice (BCA CDE Data Standard, iNPQS references) and international classification standards (ISO 6707, Uniclass 2015, OmniClass, MasterFormat)."
C05-01-01,Universal Beams (UB),C05-01,3,1,"Derived from common Singapore practice (BCA CDE Data Standard, iNPQS references) and international classification standards (ISO 6707, Uniclass 2015, OmniClass, MasterFormat)."
C05-01-02,Universal Columns (UC),C05-01,3,2,"Derived from common Singapore practice (BCA CDE Data Standard, iNPQS references) and international classification standards (ISO 6707, Uniclass 2015, OmniClass, MasterFormat)."
C05-01-03,Channels,C05-01,3,3,"Derived from common Singapore practice (BCA CDE Data Standard, iNPQS references) and international classification standards (ISO 6707, Uniclass 2015, OmniClass, MasterFormat)."
C05-01-04,Angles,C05-01,3,4,"Derived from common Singapore practice (BCA CDE Data Standard, iNPQS references) and international classification standards (ISO 6707, Uniclass 2015, OmniClass, MasterFormat)."
C05-01-05,Plates,C05-01,3,5,"Derived from common Singapore practice (BCA CDE Data Standard, iNPQS references) and international classification standards (ISO 6707, Uniclass 2015, OmniClass, MasterFormat)."
C05-02,Fasteners & Welding,C05,2,2,"Derived from common Singapore practice (BCA CDE Data Standard, iNPQS references) and international classification standards (ISO 6707, Uniclass 2015, OmniClass, MasterFormat)."
C05-02-01,High Strength Bolts,C05-02,3,1,"Derived from common Singapore practice (BCA CDE Data Standard, iNPQS references) and international classification standards (ISO 6707, Uniclass 2015, OmniClass, MasterFormat)."
C05-02-02,Welding Electrodes,C05-02,3,2,"Derived from common Singapore practice (BCA CDE Data Standard, iNPQS references) and international classification standards (ISO 6707, Uniclass 2015, OmniClass, MasterFormat)."
C06,Masonry,,1,6,"Derived from common Singapore practice (BCA CDE Data Standard, iNPQS references) and international classification standards (ISO 6707, Uniclass 2015, OmniClass, MasterFormat)."
C06-01,Blocks & Bricks,C06,2,1,"Derived from common Singapore practice (BCA CDE Data Standard, iNPQS references) and international classification standards (ISO 6707, Uniclass 2015, OmniClass, MasterFormat)."
C06-01-01,Clay Bricks,C06-01,3,1,"Derived from common Singapore practice (BCA CDE Data Standard, iNPQS references) and international classification standards (ISO 6707, Uniclass 2015, OmniClass, MasterFormat)."
C06-01-02,Concrete Blocks,C06-01,3,2,"Derived from common Singapore practice (BCA CDE Data Standard, iNPQS references) and international classification standards (ISO 6707, Uniclass 2015, OmniClass, MasterFormat)."
C06-01-03,AAC Blocks,C06-01,3,3,"Derived from common Singapore practice (BCA CDE Data Standard, iNPQS references) and international classification standards (ISO 6707, Uniclass 2015, OmniClass, MasterFormat)."
C06-02,Mortar & Grout,C06,2,2,"Derived from common Singapore practice (BCA CDE Data Standard, iNPQS references) and international classification standards (ISO 6707, Uniclass 2015, OmniClass, MasterFormat)."
C06-02-01,Masonry Mortar,C06-02,3,1,"Derived from common Singapore practice (BCA CDE Data Standard, iNPQS references) and international classification standards (ISO 6707, Uniclass 2015, OmniClass, MasterFormat)."
C06-02-02,Tile Grout,C06-02,3,2,"Derived from common Singapore practice (BCA CDE Data Standard, iNPQS references) and international classification standards (ISO 6707, Uniclass 2015, OmniClass, MasterFormat)."
C07,Timber & Carpentry,,1,7,"Derived from common Singapore practice (BCA CDE Data Standard, iNPQS references) and international classification standards (ISO 6707, Uniclass 2015, OmniClass, MasterFormat)."
C07-01,Timber & Boards,C07,2,1,"Derived from common Singapore practice (BCA CDE Data Standard, iNPQS references) and international classification standards (ISO 6707, Uniclass 2015, OmniClass, MasterFormat)."
C07-01-01,Softwood Timber,C07-01,3,1,"Derived from common Singapore practice (BCA CDE Data Standard, iNPQS references) and international classification standards (ISO 6707, Uniclass 2015, OmniClass, MasterFormat)."
C07-01-02,Hardwood Timber,C07-01,3,2,"Derived from common Singapore practice (BCA CDE Data Standard, iNPQS references) and international classification standards (ISO 6707, Uniclass 2015, OmniClass, MasterFormat)."
C07-01-03,Plywood,C07-01,3,3,"Derived from common Singapore practice (BCA CDE Data Standard, iNPQS references) and international classification standards (ISO 6707, Uniclass 2015, OmniClass, MasterFormat)."
C07-01-04,MDF Board,C07-01,3,4,"Derived from common Singapore practice (BCA CDE Data Standard, iNPQS references) and international classification standards (ISO 6707, Uniclass 2015, OmniClass, MasterFormat)."
C07-02,Timber Treatment,C07,2,2,"Derived from common Singapore practice (BCA CDE Data Standard, iNPQS references) and international classification standards (ISO 6707, Uniclass 2015, OmniClass, MasterFormat)."
C07-02-01,Timber Preservative,C07-02,3,1,"Derived from common Singapore practice (BCA CDE Data Standard, iNPQS references) and international classification standards (ISO 6707, Uniclass 2015, OmniClass, MasterFormat)."
C08,Waterproofing & Roofing,,1,8,"Derived from common Singapore practice (BCA CDE Data Standard, iNPQS references) and international classification standards (ISO 6707, Uniclass 2015, OmniClass, MasterFormat)."
C08-01,Waterproofing Systems,C08,2,1,"Derived from common Singapore practice (BCA CDE Data Standard, iNPQS references) and international classification standards (ISO 6707, Uniclass 2015, OmniClass, MasterFormat)."
C08-01-01,Bituminous Membrane,C08-01,3,1,"Derived from common Singapore practice (BCA CDE Data Standard, iNPQS references) and international classification standards (ISO 6707, Uniclass 2015, OmniClass, MasterFormat)."
C08-01-02,PVC Membrane,C08-01,3,2,"Derived from common Singapore practice (BCA CDE Data Standard, iNPQS references) and international classification standards (ISO 6707, Uniclass 2015, OmniClass, MasterFormat)."
C08-01-03,TPO Membrane,C08-01,3,3,"Derived from common Singapore practice (BCA CDE Data Standard, iNPQS references) and international classification standards (ISO 6707, Uniclass 2015, OmniClass, MasterFormat)."
C08-01-04,Cementitious Waterproofing,C08-01,3,4,"Derived from common Singapore practice (BCA CDE Data Standard, iNPQS references) and international classification standards (ISO 6707, Uniclass 2015, OmniClass, MasterFormat)."
C08-01-05,PU Waterproofing Coating,C08-01,3,5,"Derived from common Singapore practice (BCA CDE Data Standard, iNPQS references) and international classification standards (ISO 6707, Uniclass 2015, OmniClass, MasterFormat)."
C08-01-06,Waterstop,C08-01,3,6,"Derived from common Singapore practice (BCA CDE Data Standard, iNPQS references) and international classification standards (ISO 6707, Uniclass 2015, OmniClass, MasterFormat)."
C08-02,Roofing,C08,2,2,"Derived from common Singapore practice (BCA CDE Data Standard, iNPQS references) and international classification standards (ISO 6707, Uniclass 2015, OmniClass, MasterFormat)."
C08-02-01,Metal Roof Sheet,C08-02,3,1,"Derived from common Singapore practice (BCA CDE Data Standard, iNPQS references) and international classification standards (ISO 6707, Uniclass 2015, OmniClass, MasterFormat)."
C08-02-02,Roof Tiles,C08-02,3,2,"Derived from common Singapore practice (BCA CDE Data Standard, iNPQS references) and international classification standards (ISO 6707, Uniclass 2015, OmniClass, MasterFormat)."
C08-02-03,Gutters,C08-02,3,3,"Derived from common Singapore practice (BCA CDE Data Standard, iNPQS references) and international classification standards (ISO 6707, Uniclass 2015, OmniClass, MasterFormat)."
C08-02-04,Downpipes,C08-02,3,4,"Derived from common Singapore practice (BCA CDE Data Standard, iNPQS references) and international classification standards (ISO 6707, Uniclass 2015, OmniClass, MasterFormat)."
C09,"Doors, Windows & Glazing",,1,9,"Derived from common Singapore practice (BCA CDE Data Standard, iNPQS references) and international classification standards (ISO 6707, Uniclass 2015, OmniClass, MasterFormat)."
C09-01,Windows & Frames,C09,2,1,"Derived from common Singapore practice (BCA CDE Data Standard, iNPQS references) and international classification standards (ISO 6707, Uniclass 2015, OmniClass, MasterFormat)."
C09-01-01,Aluminum Window,C09-01,3,1,"Derived from common Singapore practice (BCA CDE Data Standard, iNPQS references) and international classification standards (ISO 6707, Uniclass 2015, OmniClass, MasterFormat)."
C09-02,Glazing,C09,2,2,"Derived from common Singapore practice (BCA CDE Data Standard, iNPQS references) and international classification standards (ISO 6707, Uniclass 2015, OmniClass, MasterFormat)."
C09-02-01,Glass Panels,C09-02,3,1,"Derived from common Singapore practice (BCA CDE Data Standard, iNPQS references) and international classification standards (ISO 6707, Uniclass 2015, OmniClass, MasterFormat)."
C09-03,Doors & Hardware,C09,2,3,"Derived from common Singapore practice (BCA CDE Data Standard, iNPQS references) and international classification standards (ISO 6707, Uniclass 2015, OmniClass, MasterFormat)."
C09-03-01,Door Leaf,C09-03,3,1,"Derived from common Singapore practice (BCA CDE Data Standard, iNPQS references) and international classification standards (ISO 6707, Uniclass 2015, OmniClass, MasterFormat)."
C09-03-02,Door Hardware,C09-03,3,2,"Derived from common Singapore practice (BCA CDE Data Standard, iNPQS references) and international classification standards (ISO 6707, Uniclass 2015, OmniClass, MasterFormat)."
C10,Architectural Finishes,,1,10,"Derived from common Singapore practice (BCA CDE Data Standard, iNPQS references) and international classification standards (ISO 6707, Uniclass 2015, OmniClass, MasterFormat)."
C10-01,Wall & Ceiling,C10,2,1,"Derived from common Singapore practice (BCA CDE Data Standard, iNPQS references) and international classification standards (ISO 6707, Uniclass 2015, OmniClass, MasterFormat)."
C10-01-01,Gypsum Board,C10-01,3,1,"Derived from common Singapore practice (BCA CDE Data Standard, iNPQS references) and international classification standards (ISO 6707, Uniclass 2015, OmniClass, MasterFormat)."
C10-01-02,Fiber Cement Board,C10-01,3,2,"Derived from common Singapore practice (BCA CDE Data Standard, iNPQS references) and international classification standards (ISO 6707, Uniclass 2015, OmniClass, MasterFormat)."
C10-01-03,Ceiling Tile,C10-01,3,3,"Derived from common Singapore practice (BCA CDE Data Standard, iNPQS references) and international classification standards (ISO 6707, Uniclass 2015, OmniClass, MasterFormat)."
C10-02,Floor Finishes,C10,2,2,"Derived from common Singapore practice (BCA CDE Data Standard, iNPQS references) and international classification standards (ISO 6707, Uniclass 2015, OmniClass, MasterFormat)."
C10-02-01,Ceramic Tile,C10-02,3,1,"Derived from common Singapore practice (BCA CDE Data Standard, iNPQS references) and international classification standards (ISO 6707, Uniclass 2015, OmniClass, MasterFormat)."
C10-02-02,Porcelain Tile,C10-02,3,2,"Derived from common Singapore practice (BCA CDE Data Standard, iNPQS references) and international classification standards (ISO 6707, Uniclass 2015, OmniClass, MasterFormat)."
C10-02-03,Vinyl Flooring,C10-02,3,3,"Derived from common Singapore practice (BCA CDE Data Standard, iNPQS references) and international classification standards (ISO 6707, Uniclass 2015, OmniClass, MasterFormat)."
C10-02-04,Epoxy Floor Coating,C10-02,3,4,"Derived from common Singapore practice (BCA CDE Data Standard, iNPQS references) and international classification standards (ISO 6707, Uniclass 2015, OmniClass, MasterFormat)."
C10-03,Painting,C10,2,3,"Derived from common Singapore practice (BCA CDE Data Standard, iNPQS references) and international classification standards (ISO 6707, Uniclass 2015, OmniClass, MasterFormat)."
C10-03-01,Interior Paint,C10-03,3,1,"Derived from common Singapore practice (BCA CDE Data Standard, iNPQS references) and international classification standards (ISO 6707, Uniclass 2015, OmniClass, MasterFormat)."
C10-03-02,Exterior Paint,C10-03,3,2,"Derived from common Singapore practice (BCA CDE Data Standard, iNPQS references) and international classification standards (ISO 6707, Uniclass 2015, OmniClass, MasterFormat)."
C10-03-03,Primer,C10-03,3,3,"Derived from common Singapore practice (BCA CDE Data Standard, iNPQS references) and international classification standards (ISO 6707, Uniclass 2015, OmniClass, MasterFormat)."
C11,MEP - Electrical,,1,11,"Derived from common Singapore practice (BCA CDE Data Standard, iNPQS references) and international classification standards (ISO 6707, Uniclass 2015, OmniClass, MasterFormat)."
C11-01,Cables & Wires,C11,2,1,"Derived from common Singapore practice (BCA CDE Data Standard, iNPQS references) and international classification standards (ISO 6707, Uniclass 2015, OmniClass, MasterFormat)."
C11-01-01,LV Power Cable,C11-01,3,1,"Derived from common Singapore practice (BCA CDE Data Standard, iNPQS references) and international classification standards (ISO 6707, Uniclass 2015, OmniClass, MasterFormat)."
C11-01-02,Control Cable,C11-01,3,2,"Derived from common Singapore practice (BCA CDE Data Standard, iNPQS references) and international classification standards (ISO 6707, Uniclass 2015, OmniClass, MasterFormat)."
C11-02,Conduits & Trunking,C11,2,2,"Derived from common Singapore practice (BCA CDE Data Standard, iNPQS references) and international classification standards (ISO 6707, Uniclass 2015, OmniClass, MasterFormat)."
C11-02-01,PVC Conduit,C11-02,3,1,"Derived from common Singapore practice (BCA CDE Data Standard, iNPQS references) and international classification standards (ISO 6707, Uniclass 2015, OmniClass, MasterFormat)."
C11-02-02,GI Conduit,C11-02,3,2,"Derived from common Singapore practice (BCA CDE Data Standard, iNPQS references) and international classification standards (ISO 6707, Uniclass 2015, OmniClass, MasterFormat)."
C11-02-03,Trunking,C11-02,3,3,"Derived from common Singapore practice (BCA CDE Data Standard, iNPQS references) and international classification standards (ISO 6707, Uniclass 2015, OmniClass, MasterFormat)."
C11-02-04,Cable Tray,C11-02,3,4,"Derived from common Singapore practice (BCA CDE Data Standard, iNPQS references) and international classification standards (ISO 6707, Uniclass 2015, OmniClass, MasterFormat)."
C11-03,Switchgear & Distribution,C11,2,3,"Derived from common Singapore practice (BCA CDE Data Standard, iNPQS references) and international classification standards (ISO 6707, Uniclass 2015, OmniClass, MasterFormat)."
C11-03-01,MCB,C11-03,3,1,"Derived from common Singapore practice (BCA CDE Data Standard, iNPQS references) and international classification standards (ISO 6707, Uniclass 2015, OmniClass, MasterFormat)."
C11-03-02,MCCB,C11-03,3,2,"Derived from common Singapore practice (BCA CDE Data Standard, iNPQS references) and international classification standards (ISO 6707, Uniclass 2015, OmniClass, MasterFormat)."
C11-03-03,Distribution Board,C11-03,3,3,"Derived from common Singapore practice (BCA CDE Data Standard, iNPQS references) and international classification standards (ISO 6707, Uniclass 2015, OmniClass, MasterFormat)."
C11-04,Lighting,C11,2,4,"Derived from common Singapore practice (BCA CDE Data Standard, iNPQS references) and international classification standards (ISO 6707, Uniclass 2015, OmniClass, MasterFormat)."
C11-04-01,LED Panel,C11-04,3,1,"Derived from common Singapore practice (BCA CDE Data Standard, iNPQS references) and international classification standards (ISO 6707, Uniclass 2015, OmniClass, MasterFormat)."
C11-04-02,Downlight,C11-04,3,2,"Derived from common Singapore practice (BCA CDE Data Standard, iNPQS references) and international classification standards (ISO 6707, Uniclass 2015, OmniClass, MasterFormat)."
C11-05,Earthing & Bonding,C11,2,5,"Derived from common Singapore practice (BCA CDE Data Standard, iNPQS references) and international classification standards (ISO 6707, Uniclass 2015, OmniClass, MasterFormat)."
C11-05-01,Earth Rod,C11-05,3,1,"Derived from common Singapore practice (BCA CDE Data Standard, iNPQS references) and international classification standards (ISO 6707, Uniclass 2015, OmniClass, MasterFormat)."
C11-05-02,Earth Tape,C11-05,3,2,"Derived from common Singapore practice (BCA CDE Data Standard, iNPQS references) and international classification standards (ISO 6707, Uniclass 2015, OmniClass, MasterFormat)."
C11-05-03,Cable Lugs,C11-05,3,3,"Derived from common Singapore practice (BCA CDE Data Standard, iNPQS references) and international classification standards (ISO 6707, Uniclass 2015, OmniClass, MasterFormat)."
C12,MEP - Mechanical (HVAC),,1,12,"Derived from common Singapore practice (BCA CDE Data Standard, iNPQS references) and international classification standards (ISO 6707, Uniclass 2015, OmniClass, MasterFormat)."
C12-01,Ductwork & Insulation,C12,2,1,"Derived from common Singapore practice (BCA CDE Data Standard, iNPQS references) and international classification standards (ISO 6707, Uniclass 2015, OmniClass, MasterFormat)."
C12-01-01,GI Duct,C12-01,3,1,"Derived from common Singapore practice (BCA CDE Data Standard, iNPQS references) and international classification standards (ISO 6707, Uniclass 2015, OmniClass, MasterFormat)."
C12-01-02,Duct Insulation,C12-01,3,2,"Derived from common Singapore practice (BCA CDE Data Standard, iNPQS references) and international classification standards (ISO 6707, Uniclass 2015, OmniClass, MasterFormat)."
C12-02,Chilled Water System,C12,2,2,"Derived from common Singapore practice (BCA CDE Data Standard, iNPQS references) and international classification standards (ISO 6707, Uniclass 2015, OmniClass, MasterFormat)."
C12-02-01,Chilled Water Pipe (Black Steel),C12-02,3,1,"Derived from common Singapore practice (BCA CDE Data Standard, iNPQS references) and international classification standards (ISO 6707, Uniclass 2015, OmniClass, MasterFormat)."
C12-02-02,Chilled Water Valve,C12-02,3,2,"Derived from common Singapore practice (BCA CDE Data Standard, iNPQS references) and international classification standards (ISO 6707, Uniclass 2015, OmniClass, MasterFormat)."
C12-03,Air-Conditioning Equipment,C12,2,3,"Derived from common Singapore practice (BCA CDE Data Standard, iNPQS references) and international classification standards (ISO 6707, Uniclass 2015, OmniClass, MasterFormat)."
C12-03-01,Fan Coil Unit,C12-03,3,1,"Derived from common Singapore practice (BCA CDE Data Standard, iNPQS references) and international classification standards (ISO 6707, Uniclass 2015, OmniClass, MasterFormat)."
C12-03-02,Air Handling Unit,C12-03,3,2,"Derived from common Singapore practice (BCA CDE Data Standard, iNPQS references) and international classification standards (ISO 6707, Uniclass 2015, OmniClass, MasterFormat)."
C12-03-03,Copper Pipe (Refrigerant),C12-03,3,3,"Derived from common Singapore practice (BCA CDE Data Standard, iNPQS references) and international classification standards (ISO 6707, Uniclass 2015, OmniClass, MasterFormat)."
C13,MEP - Plumbing & Sanitary,,1,13,"Derived from common Singapore practice (BCA CDE Data Standard, iNPQS references) and international classification standards (ISO 6707, Uniclass 2015, OmniClass, MasterFormat)."
C13-01,Pipes & Fittings,C13,2,1,"Derived from common Singapore practice (BCA CDE Data Standard, iNPQS references) and international classification standards (ISO 6707, Uniclass 2015, OmniClass, MasterFormat)."
C13-01-01,uPVC Pipe,C13-01,3,1,"Derived from common Singapore practice (BCA CDE Data Standard, iNPQS references) and international classification standards (ISO 6707, Uniclass 2015, OmniClass, MasterFormat)."
C13-01-02,HDPE Pipe,C13-01,3,2,"Derived from common Singapore practice (BCA CDE Data Standard, iNPQS references) and international classification standards (ISO 6707, Uniclass 2015, OmniClass, MasterFormat)."
C13-01-03,PPR Pipe,C13-01,3,3,"Derived from common Singapore practice (BCA CDE Data Standard, iNPQS references) and international classification standards (ISO 6707, Uniclass 2015, OmniClass, MasterFormat)."
C13-01-04,Copper Pipe,C13-01,3,4,"Derived from common Singapore practice (BCA CDE Data Standard, iNPQS references) and international classification standards (ISO 6707, Uniclass 2015, OmniClass, MasterFormat)."
C13-01-05,uPVC Elbow,C13-01,3,5,"Derived from common Singapore practice (BCA CDE Data Standard, iNPQS references) and international classification standards (ISO 6707, Uniclass 2015, OmniClass, MasterFormat)."
C13-01-06,uPVC Tee,C13-01,3,6,"Derived from common Singapore practice (BCA CDE Data Standard, iNPQS references) and international classification standards (ISO 6707, Uniclass 2015, OmniClass, MasterFormat)."
C13-01-07,uPVC Reducer,C13-01,3,7,"Derived from common Singapore practice (BCA CDE Data Standard, iNPQS references) and international classification standards (ISO 6707, Uniclass 2015, OmniClass, MasterFormat)."
C13-02,Sanitary Fixtures,C13,2,2,"Derived from common Singapore practice (BCA CDE Data Standard, iNPQS references) and international classification standards (ISO 6707, Uniclass 2015, OmniClass, MasterFormat)."
C13-02-01,Water Closet,C13-02,3,1,"Derived from common Singapore practice (BCA CDE Data Standard, iNPQS references) and international classification standards (ISO 6707, Uniclass 2015, OmniClass, MasterFormat)."
C13-02-02,Wash Basin,C13-02,3,2,"Derived from common Singapore practice (BCA CDE Data Standard, iNPQS references) and international classification standards (ISO 6707, Uniclass 2015, OmniClass, MasterFormat)."
C13-02-03,Urinal,C13-02,3,3,"Derived from common Singapore practice (BCA CDE Data Standard, iNPQS references) and international classification standards (ISO 6707, Uniclass 2015, OmniClass, MasterFormat)."
C13-02-04,Kitchen Sink,C13-02,3,4,"Derived from common Singapore practice (BCA CDE Data Standard, iNPQS references) and international classification standards (ISO 6707, Uniclass 2015, OmniClass, MasterFormat)."
C13-02-05,Tap,C13-02,3,5,"Derived from common Singapore practice (BCA CDE Data Standard, iNPQS references) and international classification standards (ISO 6707, Uniclass 2015, OmniClass, MasterFormat)."
C13-02-06,Floor Trap,C13-02,3,6,"Derived from common Singapore practice (BCA CDE Data Standard, iNPQS references) and international classification standards (ISO 6707, Uniclass 2015, OmniClass, MasterFormat)."
C13-03,Pumps & Accessories,C13,2,3,"Derived from common Singapore practice (BCA CDE Data Standard, iNPQS references) and international classification standards (ISO 6707, Uniclass 2015, OmniClass, MasterFormat)."
C13-03-01,Booster Pump Set,C13-03,3,1,"Derived from common Singapore practice (BCA CDE Data Standard, iNPQS references) and international classification standards (ISO 6707, Uniclass 2015, OmniClass, MasterFormat)."
C13-03-02,Water Heater,C13-03,3,2,"Derived from common Singapore practice (BCA CDE Data Standard, iNPQS references) and international classification standards (ISO 6707, Uniclass 2015, OmniClass, MasterFormat)."
C14,MEP - Fire Protection,,1,14,"Derived from common Singapore practice (BCA CDE Data Standard, iNPQS references) and international classification standards (ISO 6707, Uniclass 2015, OmniClass, MasterFormat)."
C14-01,Sprinkler System,C14,2,1,"Derived from common Singapore practice (BCA CDE Data Standard, iNPQS references) and international classification standards (ISO 6707, Uniclass 2015, OmniClass, MasterFormat)."
C14-01-01,Sprinkler Pipe (GI),C14-01,3,1,"Derived from common Singapore practice (BCA CDE Data Standard, iNPQS references) and international classification standards (ISO 6707, Uniclass 2015, OmniClass, MasterFormat)."
C14-01-02,Sprinkler Head,C14-01,3,2,"Derived from common Singapore practice (BCA CDE Data Standard, iNPQS references) and international classification standards (ISO 6707, Uniclass 2015, OmniClass, MasterFormat)."
C14-02,Fire Fighting Equipment,C14,2,2,"Derived from common Singapore practice (BCA CDE Data Standard, iNPQS references) and international classification standards (ISO 6707, Uniclass 2015, OmniClass, MasterFormat)."
C14-02-01,Fire Hose Reel Set,C14-02,3,1,"Derived from common Singapore practice (BCA CDE Data Standard, iNPQS references) and international classification standards (ISO 6707, Uniclass 2015, OmniClass, MasterFormat)."
C14-02-02,Hydrant Valve,C14-02,3,2,"Derived from common Singapore practice (BCA CDE Data Standard, iNPQS references) and international classification standards (ISO 6707, Uniclass 2015, OmniClass, MasterFormat)."
C14-02-03,Fire Extinguisher,C14-02,3,3,"Derived from common Singapore practice (BCA CDE Data Standard, iNPQS references) and international classification standards (ISO 6707, Uniclass 2015, OmniClass, MasterFormat)."
C14-03,Fire Alarm System,C14,2,3,"Derived from common Singapore practice (BCA CDE Data Standard, iNPQS references) and international classification standards (ISO 6707, Uniclass 2015, OmniClass, MasterFormat)."
C14-03-01,Fire Alarm Device,C14-03,3,1,"Derived from common Singapore practice (BCA CDE Data Standard, iNPQS references) and international classification standards (ISO 6707, Uniclass 2015, OmniClass, MasterFormat)."
C15,"MEP - ELV, ICT & Security",,1,15,"Derived from common Singapore practice (BCA CDE Data Standard, iNPQS references) and international classification standards (ISO 6707, Uniclass 2015, OmniClass, MasterFormat)."
C15-01,Structured Cabling,C15,2,1,"Derived from common Singapore practice (BCA CDE Data Standard, iNPQS references) and international classification standards (ISO 6707, Uniclass 2015, OmniClass, MasterFormat)."
C15-01-01,Data Cable,C15-01,3,1,"Derived from common Singapore practice (BCA CDE Data Standard, iNPQS references) and international classification standards (ISO 6707, Uniclass 2015, OmniClass, MasterFormat)."
C15-01-02,Fiber Optic Cable,C15-01,3,2,"Derived from common Singapore practice (BCA CDE Data Standard, iNPQS references) and international classification standards (ISO 6707, Uniclass 2015, OmniClass, MasterFormat)."
C15-01-03,Patch Panel,C15-01,3,3,"Derived from common Singapore practice (BCA CDE Data Standard, iNPQS references) and international classification standards (ISO 6707, Uniclass 2015, OmniClass, MasterFormat)."
C15-02,Security & Surveillance,C15,2,2,"Derived from common Singapore practice (BCA CDE Data Standard, iNPQS references) and international classification standards (ISO 6707, Uniclass 2015, OmniClass, MasterFormat)."
C15-02-01,CCTV Camera,C15-02,3,1,"Derived from common Singapore practice (BCA CDE Data Standard, iNPQS references) and international classification standards (ISO 6707, Uniclass 2015, OmniClass, MasterFormat)."
C15-02-02,Access Control,C15-02,3,2,"Derived from common Singapore practice (BCA CDE Data Standard, iNPQS references) and international classification standards (ISO 6707, Uniclass 2015, OmniClass, MasterFormat)."
C15-02-03,Network Switch,C15-02,3,3,"Derived from common Singapore practice (BCA CDE Data Standard, iNPQS references) and international classification standards (ISO 6707, Uniclass 2015, OmniClass, MasterFormat)."
C15-03,Public Address,C15,2,3,"Derived from common Singapore practice (BCA CDE Data Standard, iNPQS references) and international classification standards (ISO 6707, Uniclass 2015, OmniClass, MasterFormat)."
C15-03-01,PA Speaker,C15-03,3,1,"Derived from common Singapore practice (BCA CDE Data Standard, iNPQS references) and international classification standards (ISO 6707, Uniclass 2015, OmniClass, MasterFormat)."
C15-03-02,PA Amplifier,C15-03,3,2,"Derived from common Singapore practice (BCA CDE Data Standard, iNPQS references) and international classification standards (ISO 6707, Uniclass 2015, OmniClass, MasterFormat)."
C16,External Works & Roads,,1,16,"Derived from common Singapore practice (BCA CDE Data Standard, iNPQS references) and international classification standards (ISO 6707, Uniclass 2015, OmniClass, MasterFormat)."
C16-01,Roads & Pavements,C16,2,1,"Derived from common Singapore practice (BCA CDE Data Standard, iNPQS references) and international classification standards (ISO 6707, Uniclass 2015, OmniClass, MasterFormat)."
C16-01-01,Asphalt Mix,C16-01,3,1,"Derived from common Singapore practice (BCA CDE Data Standard, iNPQS references) and international classification standards (ISO 6707, Uniclass 2015, OmniClass, MasterFormat)."
C16-01-02,Road Base,C16-01,3,2,"Derived from common Singapore practice (BCA CDE Data Standard, iNPQS references) and international classification standards (ISO 6707, Uniclass 2015, OmniClass, MasterFormat)."
C16-01-03,Concrete Paver,C16-01,3,3,"Derived from common Singapore practice (BCA CDE Data Standard, iNPQS references) and international classification standards (ISO 6707, Uniclass 2015, OmniClass, MasterFormat)."
C16-01-04,Kerb,C16-01,3,4,"Derived from common Singapore practice (BCA CDE Data Standard, iNPQS references) and international classification standards (ISO 6707, Uniclass 2015, OmniClass, MasterFormat)."
C16-02,Drainage,C16,2,2,"Derived from common Singapore practice (BCA CDE Data Standard, iNPQS references) and international classification standards (ISO 6707, Uniclass 2015, OmniClass, MasterFormat)."
C16-02-01,RC Pipe,C16-02,3,1,"Derived from common Singapore practice (BCA CDE Data Standard, iNPQS references) and international classification standards (ISO 6707, Uniclass 2015, OmniClass, MasterFormat)."
C16-02-02,uPVC Drain Pipe,C16-02,3,2,"Derived from common Singapore practice (BCA CDE Data Standard, iNPQS references) and international classification standards (ISO 6707, Uniclass 2015, OmniClass, MasterFormat)."
C16-02-03,Manhole Cover,C16-02,3,3,"Derived from common Singapore practice (BCA CDE Data Standard, iNPQS references) and international classification standards (ISO 6707, Uniclass 2015, OmniClass, MasterFormat)."
C16-02-04,Grating,C16-02,3,4,"Derived from common Singapore practice (BCA CDE Data Standard, iNPQS references) and international classification standards (ISO 6707, Uniclass 2015, OmniClass, MasterFormat)."
C16-03,Street Furniture,C16,2,3,"Derived from common Singapore practice (BCA CDE Data Standard, iNPQS references) and international classification standards (ISO 6707, Uniclass 2015, OmniClass, MasterFormat)."
C16-03-01,Street Lighting Pole,C16-03,3,1,"Derived from common Singapore practice (BCA CDE Data Standard, iNPQS references) and international classification standards (ISO 6707, Uniclass 2015, OmniClass, MasterFormat)."
C16-03-02,Road Marking Paint,C16-03,3,2,"Derived from common Singapore practice (BCA CDE Data Standard, iNPQS references) and international classification standards (ISO 6707, Uniclass 2015, OmniClass, MasterFormat)."
C17,Utilities,,1,17,"Derived from common Singapore practice (BCA CDE Data Standard, iNPQS references) and international classification standards (ISO 6707, Uniclass 2015, OmniClass, MasterFormat)."
C17-01,Water Supply,C17,2,1,"Derived from common Singapore practice (BCA CDE Data Standard, iNPQS references) and international classification standards (ISO 6707, Uniclass 2015, OmniClass, MasterFormat)."
C17-01-01,Ductile Iron Pipe,C17-01,3,1,"Derived from common Singapore practice (BCA CDE Data Standard, iNPQS references) and international classification standards (ISO 6707, Uniclass 2015, OmniClass, MasterFormat)."
C17-01-02,HDPE Water Pipe,C17-01,3,2,"Derived from common Singapore practice (BCA CDE Data Standard, iNPQS references) and international classification standards (ISO 6707, Uniclass 2015, OmniClass, MasterFormat)."
C17-02,Sewer,C17,2,2,"Derived from common Singapore practice (BCA CDE Data Standard, iNPQS references) and international classification standards (ISO 6707, Uniclass 2015, OmniClass, MasterFormat)."
C17-02-01,uPVC Sewer Pipe,C17-02,3,1,"Derived from common Singapore practice (BCA CDE Data Standard, iNPQS references) and international classification standards (ISO 6707, Uniclass 2015, OmniClass, MasterFormat)."
C17-03,Power & Telecom Ducts,C17,2,3,"Derived from common Singapore practice (BCA CDE Data Standard, iNPQS references) and international classification standards (ISO 6707, Uniclass 2015, OmniClass, MasterFormat)."
C17-03-01,HDPE Duct,C17-03,3,1,"Derived from common Singapore practice (BCA CDE Data Standard, iNPQS references) and international classification standards (ISO 6707, Uniclass 2015, OmniClass, MasterFormat)."
C17-03-02,PVC Duct,C17-03,3,2,"Derived from common Singapore practice (BCA CDE Data Standard, iNPQS references) and international classification standards (ISO 6707, Uniclass 2015, OmniClass, MasterFormat)."
C18,Landscaping & Irrigation,,1,18,"Derived from common Singapore practice (BCA CDE Data Standard, iNPQS references) and international classification standards (ISO 6707, Uniclass 2015, OmniClass, MasterFormat)."
C18-01,Soft Landscaping,C18,2,1,"Derived from common Singapore practice (BCA CDE Data Standard, iNPQS references) and international classification standards (ISO 6707, Uniclass 2015, OmniClass, MasterFormat)."
C18-01-01,Turf,C18-01,3,1,"Derived from common Singapore practice (BCA CDE Data Standard, iNPQS references) and international classification standards (ISO 6707, Uniclass 2015, OmniClass, MasterFormat)."
C18-01-02,Plants,C18-01,3,2,"Derived from common Singapore practice (BCA CDE Data Standard, iNPQS references) and international classification standards (ISO 6707, Uniclass 2015, OmniClass, MasterFormat)."
C18-01-03,Planting Soil,C18-01,3,3,"Derived from common Singapore practice (BCA CDE Data Standard, iNPQS references) and international classification standards (ISO 6707, Uniclass 2015, OmniClass, MasterFormat)."
C18-02,Irrigation,C18,2,2,"Derived from common Singapore practice (BCA CDE Data Standard, iNPQS references) and international classification standards (ISO 6707, Uniclass 2015, OmniClass, MasterFormat)."
C18-02-01,Irrigation Pipe,C18-02,3,1,"Derived from common Singapore practice (BCA CDE Data Standard, iNPQS references) and international classification standards (ISO 6707, Uniclass 2015, OmniClass, MasterFormat)."
C18-02-02,Irrigation Sprinkler,C18-02,3,2,"Derived from common Singapore practice (BCA CDE Data Standard, iNPQS references) and international classification standards (ISO 6707, Uniclass 2015, OmniClass, MasterFormat)."
C19,Temporary Works & Safety,,1,19,"Derived from common Singapore practice (BCA CDE Data Standard, iNPQS references) and international classification standards (ISO 6707, Uniclass 2015, OmniClass, MasterFormat)."
C19-01,Scaffolding,C19,2,1,"Derived from common Singapore practice (BCA CDE Data Standard, iNPQS references) and international classification standards (ISO 6707, Uniclass 2015, OmniClass, MasterFormat)."
C19-01-01,Scaffold Tube,C19-01,3,1,"Derived from common Singapore practice (BCA CDE Data Standard, iNPQS references) and international classification standards (ISO 6707, Uniclass 2015, OmniClass, MasterFormat)."
C19-01-02,Scaffold Coupler,C19-01,3,2,"Derived from common Singapore practice (BCA CDE Data Standard, iNPQS references) and international classification standards (ISO 6707, Uniclass 2015, OmniClass, MasterFormat)."
C19-01-03,Scaffold Base Plate,C19-01,3,3,"Derived from common Singapore practice (BCA CDE Data Standard, iNPQS references) and international classification standards (ISO 6707, Uniclass 2015, OmniClass, MasterFormat)."
C19-01-04,Scaffold Plank,C19-01,3,4,"Derived from common Singapore practice (BCA CDE Data Standard, iNPQS references) and international classification standards (ISO 6707, Uniclass 2015, OmniClass, MasterFormat)."
C19-02,Safety,C19,2,2,"Derived from common Singapore practice (BCA CDE Data Standard, iNPQS references) and international classification standards (ISO 6707, Uniclass 2015, OmniClass, MasterFormat)."
C19-02-01,Safety Net,C19-02,3,1,"Derived from common Singapore practice (BCA CDE Data Standard, iNPQS references) and international classification standards (ISO 6707, Uniclass 2015, OmniClass, MasterFormat)."
C19-02-02,Safety Mesh,C19-02,3,2,"Derived from common Singapore practice (BCA CDE Data Standard, iNPQS references) and international classification standards (ISO 6707, Uniclass 2015, OmniClass, MasterFormat)."
C19-02-03,Guardrail,C19-02,3,3,"Derived from common Singapore practice (BCA CDE Data Standard, iNPQS references) and international classification standards (ISO 6707, Uniclass 2015, OmniClass, MasterFormat)."